blackbox_id,acceleration_g,breathing_detected,fire_detected,human_presence,latitude,longitude,speed_kmph,tilt_degree,timestamp,fetch_time
ATSAD-B0A732166910,0.98,FALSE,FALSE,FALSE,22.692019,88.471718,1.87,9.64,54:48.7,24:50.3
ATSAD-B0A732166910,0.97,FALSE,FALSE,FALSE,22.692001,88.47171,1.61,5.58,54:53.7,24:55.4
ATSAD-B0A732166910,0.92,FALSE,FALSE,FALSE,22.691971,88.471779,8.37,5.85,54:58.1,25:00.4
ATSAD-B0A732166910,1.04,FALSE,FALSE,FALSE,22.6919,88.47187,9.37,12.82,55:03.8,25:05.5
ATSAD-B0A732166910,1.15,FALSE,FALSE,FALSE,22.691727,88.471909,14.74,3.04,55:08.3,25:10.5
ATSAD-B0A732166910,0.95,FALSE,FALSE,FALSE,22.691511,88.471909,17.13,6.8,55:13.9,25:15.6
ATSAD-B0A732166910,0.86,FALSE,FALSE,FALSE,22.691319,88.471825,14.76,17.85,55:18.4,25:20.6
ATSAD-B0A732166910,0.93,FALSE,FALSE,FALSE,22.691208,88.471794,8.43,8.07,55:23.8,25:25.7
ATSAD-B0A732166910,0.93,FALSE,FALSE,FALSE,22.691101,88.471802,6.07,7.92,55:28.2,25:30.7
ATSAD-B0A732166910,0.91,FALSE,FALSE,FALSE,22.691025,88.471886,12.59,5.51,55:34.5,25:35.8
ATSAD-B0A732166910,0.77,FALSE,FALSE,FALSE,22.690966,88.472107,18.28,6.06,55:39.0,25:40.8
ATSAD-B0A732166910,0.96,FALSE,FALSE,FALSE,22.690876,88.472412,26.95,14.29,55:44.5,25:45.9
ATSAD-B0A732166910,0.95,FALSE,FALSE,FALSE,22.690802,88.47274,22.17,9.25,55:49.0,25:50.9
ATSAD-B0A732166910,0.97,FALSE,FALSE,FALSE,22.690737,88.472984,18.21,4.35,55:53.5,25:56.0
ATSAD-B0A732166910,1.05,FALSE,FALSE,FALSE,22.690672,88.473221,15.22,5.62,55:58.8,26:01.0
ATSAD-B0A732166910,1.04,FALSE,FALSE,FALSE,22.690599,88.473648,19.17,3.77,56:08.4,26:06.1
ATSAD-B0A732166910,1.04,FALSE,FALSE,FALSE,22.690599,88.473648,19.17,3.77,56:08.4,26:11.2
ATSAD-B0A732166910,0.94,FALSE,FALSE,FALSE,22.690702,88.474236,25.65,13.41,56:18.4,26:16.2
ATSAD-B0A732166910,0.95,FALSE,FALSE,FALSE,22.6908,88.474632,28.72,15.43,56:23.6,26:21.3
ATSAD-B0A732166910,0.95,FALSE,FALSE,FALSE,22.6908,88.474632,28.72,15.43,56:23.6,26:26.3
ATSAD-B0A732166910,1.06,FALSE,FALSE,FALSE,22.691006,88.475395,25.08,7.33,56:33.7,26:31.5
ATSAD-B0A732166910,0.97,FALSE,FALSE,FALSE,22.691065,88.475731,24.32,7.89,56:38.8,26:36.6
ATSAD-B0A732166910,0.99,FALSE,FALSE,FALSE,22.691118,88.475952,14.3,7.49,56:43.5,26:41.6
ATSAD-B0A732166910,1.01,FALSE,FALSE,FALSE,22.691187,88.476166,14,8.55,56:48.3,26:46.7
ATSAD-B0A732166910,0.98,FALSE,FALSE,FALSE,22.691238,88.47641,17.04,10.96,56:53.3,26:51.7
ATSAD-B0A732166910,0.9,FALSE,FALSE,FALSE,22.691298,88.476715,22.26,11.06,56:58.4,26:56.8
ATSAD-B0A732166910,0.93,FALSE,FALSE,FALSE,22.69138,88.477066,27.15,14.23,57:03.5,27:01.9
ATSAD-B0A732166910,1.04,FALSE,FALSE,FALSE,22.691469,88.47744,26.47,15.13,57:08.9,27:06.9
ATSAD-B0A732166910,1.1,FALSE,FALSE,FALSE,22.691568,88.477814,28.24,9.53,57:13.1,27:12.0
ATSAD-B0A732166910,1,FALSE,FALSE,FALSE,22.691622,88.478271,32.93,5.43,57:18.7,27:17.1
ATSAD-B0A732166910,0.95,FALSE,FALSE,FALSE,22.691694,88.478668,26.08,13.64,57:23.6,27:22.1
ATSAD-B0A732166910,0.98,FALSE,FALSE,FALSE,22.691729,88.478836,10.35,5.09,57:28.6,27:27.2
ATSAD-B0A732166910,1.17,FALSE,FALSE,FALSE,22.69174,88.478981,10.54,14.27,57:33.7,27:32.3
ATSAD-B0A732166910,1.14,FALSE,FALSE,FALSE,22.691813,88.479309,24.15,3.28,57:38.6,27:37.3
ATSAD-B0A732166910,0.9,FALSE,FALSE,FALSE,22.691879,88.479652,23.52,7.67,57:43.4,27:42.4
ATSAD-B0A732166910,1.04,FALSE,FALSE,FALSE,22.691944,88.480011,25,12.13,57:48.6,27:47.4
ATSAD-B0A732166910,0.99,FALSE,FALSE,FALSE,22.692038,88.480415,29.67,18.7,57:53.9,27:52.5
ATSAD-B0A732166910,0.94,FALSE,FALSE,FALSE,22.692141,88.480797,23.69,6.28,57:58.6,27:57.5
ATSAD-B0A732166910,1.14,FALSE,FALSE,FALSE,22.692194,88.480942,9.15,21.3,58:03.7,28:02.6
ATSAD-B0A732166910,0.89,FALSE,FALSE,FALSE,22.692249,88.481117,13.08,13.21,58:08.4,28:07.7
ATSAD-B0A732166910,0.97,FALSE,FALSE,FALSE,22.692299,88.481422,20.59,10.3,58:13.5,28:12.7
ATSAD-B0A732166910,0.93,FALSE,FALSE,FALSE,22.692383,88.481773,25.19,13.67,58:18.4,28:18.4
ATSAD-B0A732166910,0.79,FALSE,FALSE,FALSE,22.692484,88.482162,26.41,8.26,58:23.6,28:23.4
ATSAD-B0A732166910,0.92,FALSE,FALSE,FALSE,22.692562,88.482498,22.78,13.65,58:28.7,28:28.5
ATSAD-B0A732166910,0.97,FALSE,FALSE,FALSE,22.692625,88.48278,19.15,10.93,58:33.9,28:33.6
ATSAD-B0A732166910,0.97,FALSE,FALSE,FALSE,22.692688,88.483093,21.69,5.68,58:39.3,28:38.6
ATSAD-B0A732166910,0.97,FALSE,FALSE,FALSE,22.692749,88.483383,18.96,9.12,58:43.4,28:43.7
ATSAD-B0A732166910,0.99,FALSE,FALSE,FALSE,22.692822,88.483635,16.82,19.35,58:49.0,28:48.8
ATSAD-B0A732166910,1.01,FALSE,FALSE,FALSE,22.692871,88.483925,19.45,7.58,58:53.3,28:53.8
ATSAD-B0A732166910,0.94,FALSE,FALSE,FALSE,22.692989,88.484268,25.3,6.76,58:58.5,28:58.9
ATSAD-B0A732166910,1.01,FALSE,FALSE,FALSE,22.693104,88.484589,21.46,9.35,59:03.5,29:04.0
ATSAD-B0A732166910,1.06,FALSE,FALSE,FALSE,22.693167,88.484772,11.07,1.37,59:08.9,29:09.0
ATSAD-B0A732166910,0.96,FALSE,FALSE,FALSE,22.693228,88.484978,17.33,7.53,59:13.3,29:14.1
ATSAD-B0A732166910,1.03,FALSE,FALSE,FALSE,22.693308,88.485237,18.63,5.6,59:18.6,29:19.1
ATSAD-B0A732166910,0.89,FALSE,FALSE,FALSE,22.693386,88.485474,17.85,0.9,59:23.6,29:24.2
ATSAD-B0A732166910,0.96,FALSE,FALSE,FALSE,22.693447,88.48571,16.17,5.15,59:28.3,29:29.4
ATSAD-B0A732166910,0.97,FALSE,FALSE,FALSE,22.693499,88.485886,10.89,4.38,59:33.3,29:34.5
ATSAD-B0A732166910,0.93,FALSE,FALSE,FALSE,22.693542,88.486008,11.7,5.98,59:38.7,29:39.5
ATSAD-B0A732166910,0.97,FALSE,FALSE,FALSE,22.693607,88.486244,18.06,15.88,59:44.1,29:44.6
ATSAD-B0A732166910,0.99,FALSE,FALSE,FALSE,22.693647,88.486374,8.52,15.65,59:49.1,29:49.6
ATSAD-B0A732166910,0.95,FALSE,FALSE,FALSE,22.693693,88.486534,13.83,7.03,59:53.5,29:54.7
ATSAD-B0A732166910,1.03,FALSE,FALSE,FALSE,22.693762,88.486824,22.84,5.77,59:58.2,29:59.8
ATSAD-B0A732166910,0.95,FALSE,FALSE,FALSE,22.693817,88.487038,12.06,4.55,00:04.0,30:04.9
ATSAD-B0A732166910,0.98,FALSE,FALSE,FALSE,22.693838,88.487152,10.48,1.31,00:08.3,30:09.9
ATSAD-B0A732166910,0.93,FALSE,FALSE,FALSE,22.693874,88.487373,16.8,4.19,00:13.3,30:15.0
ATSAD-B0A732166910,0.97,FALSE,FALSE,FALSE,22.693916,88.487595,13.7,5.24,00:18.2,30:20.0
ATSAD-B0A732166910,0.89,FALSE,FALSE,FALSE,22.693937,88.487701,6.87,11.03,00:23.8,30:25.1
ATSAD-B0A732166910,1.02,FALSE,FALSE,FALSE,22.693939,88.487892,15.56,3.32,00:31.4,30:30.2
ATSAD-B0A732166910,0.96,FALSE,FALSE,FALSE,22.693953,88.487953,20.39,2.69,00:34.9,30:35.2
ATSAD-B0A732166910,1.04,FALSE,FALSE,FALSE,22.694031,88.488533,21.08,3.45,00:39.4,30:40.3
ATSAD-B0A732166910,0.96,FALSE,FALSE,FALSE,22.694073,88.488838,22.69,5.16,00:44.7,30:45.3
ATSAD-B0A732166910,1.05,FALSE,FALSE,FALSE,22.694117,88.489098,16.54,10.63,00:50.5,30:50.4
ATSAD-B0A732166910,0.87,FALSE,FALSE,FALSE,22.694147,88.489304,14.65,4.74,00:55.3,30:55.4
ATSAD-B0A732166910,0.92,FALSE,FALSE,FALSE,22.694176,88.489487,13.54,6.47,00:59.6,31:00.5
ATSAD-B0A732166910,0.96,FALSE,FALSE,FALSE,22.69422,88.489822,25.76,3.41,01:04.5,31:05.5
ATSAD-B0A732166910,0.87,FALSE,FALSE,FALSE,22.694286,88.490189,24.67,5.21,01:10.3,31:10.6
ATSAD-B0A732166910,1.05,FALSE,FALSE,FALSE,22.694342,88.490494,20.19,8.83,01:15.1,31:15.7
ATSAD-B0A732166910,1.24,FALSE,FALSE,FALSE,22.694366,88.49073,16.06,3.78,01:19.5,31:20.8
ATSAD-B0A732166910,0.96,FALSE,FALSE,FALSE,22.694391,88.490906,8.35,7.84,01:25.1,31:25.9
ATSAD-B0A732166910,0.99,FALSE,FALSE,FALSE,22.694397,88.49099,6.35,5.24,01:29.5,31:30.9
ATSAD-B0A732166910,1,FALSE,FALSE,FALSE,22.694435,88.491219,19.24,3.4,01:34.6,31:36.1
ATSAD-B0A732166910,0.71,FALSE,FALSE,FALSE,22.694485,88.491531,22.02,6.62,01:39.5,31:41.1
ATSAD-B0A732166910,0.87,FALSE,FALSE,FALSE,22.694538,88.491905,26.78,4.96,01:44.7,31:46.2
ATSAD-B0A732166910,0.91,FALSE,FALSE,FALSE,22.694607,88.492271,26.02,15.13,01:50.2,31:51.2
ATSAD-B0A732166910,0.98,FALSE,FALSE,FALSE,22.694637,88.492439,6.19,5.12,01:54.5,31:56.3
ATSAD-B0A732166910,1,FALSE,FALSE,FALSE,22.694662,88.492569,12.96,3.84,02:00.7,32:01.4
ATSAD-B0A732166910,0.94,FALSE,FALSE,FALSE,22.694698,88.492813,19.09,5.74,02:04.5,32:06.4
ATSAD-B0A732166910,0.92,FALSE,FALSE,FALSE,22.69471,88.492996,11.98,7.73,02:09.4,32:11.5
ATSAD-B0A732166910,0.99,FALSE,FALSE,FALSE,22.694738,88.493134,8.67,6.43,02:14.4,32:16.5
ATSAD-B0A732166910,0.96,FALSE,FALSE,FALSE,22.694763,88.493294,11.04,10.49,02:19.4,32:21.9
ATSAD-B0A732166910,1.06,FALSE,FALSE,FALSE,22.694796,88.493469,11.09,13.86,02:24.6,32:27.0
ATSAD-B0A732166910,1,FALSE,FALSE,FALSE,22.694811,88.493614,9.15,1.15,02:29.6,32:32.0
ATSAD-B0A732166910,0.92,FALSE,FALSE,FALSE,22.694855,88.493881,22.24,2.34,02:34.9,32:37.1
ATSAD-B0A732166910,0.86,FALSE,FALSE,FALSE,22.694925,88.494293,30.34,10.59,02:39.7,32:42.2
ATSAD-B0A732166910,0.98,FALSE,FALSE,FALSE,22.695002,88.494705,29.45,10.49,02:45.0,32:47.2
ATSAD-B0A732166910,1.06,FALSE,FALSE,FALSE,22.695049,88.495125,30.67,12.15,02:49.6,32:52.3
ATSAD-B0A732166910,1.01,FALSE,FALSE,FALSE,22.695196,88.495972,24.93,20.61,02:59.4,32:57.3
ATSAD-B0A732166910,0.99,FALSE,FALSE,FALSE,22.695217,88.496201,16.87,7.92,03:04.4,33:02.4
ATSAD-B0A732166910,0.87,FALSE,FALSE,FALSE,22.695251,88.496544,25.37,6.7,03:09.3,33:07.4
ATSAD-B0A732166910,0.98,FALSE,FALSE,FALSE,22.695234,88.496956,32.28,7.75,03:14.6,33:12.5
ATSAD-B0A732166910,1.01,FALSE,FALSE,FALSE,22.695267,88.497505,39.8,14.31,03:19.5,33:17.6
ATSAD-B0A732166910,0.89,FALSE,FALSE,FALSE,22.695299,88.498024,35.93,7.5,03:24.6,33:22.7
ATSAD-B0A732166910,0.98,FALSE,FALSE,FALSE,22.695341,88.498535,36.52,7.45,03:29.5,33:27.7
ATSAD-B0A732166910,0.88,FALSE,FALSE,FALSE,22.695339,88.499031,37.63,12.98,03:34.5,33:32.8
ATSAD-B0A732166910,1.09,FALSE,FALSE,FALSE,22.695349,88.499474,32.74,19.15,03:39.9,33:37.9
ATSAD-B0A732166910,1.11,FALSE,FALSE,FALSE,22.695362,88.499817,23.43,14.85,03:44.3,33:42.9
ATSAD-B0A732166910,0.95,FALSE,FALSE,FALSE,22.695364,88.500084,18.37,5.99,03:49.5,33:48.0
ATSAD-B0A732166910,0.9,FALSE,FALSE,FALSE,22.695366,88.500412,22.96,7.42,03:54.5,33:53.0
ATSAD-B0A732166910,0.93,FALSE,FALSE,FALSE,22.695395,88.500854,31.78,8.37,03:59.5,33:58.4
ATSAD-B0A732166910,1,FALSE,FALSE,FALSE,22.695404,88.501266,28.72,9.9,04:04.4,34:03.8
ATSAD-B0A732166910,0.96,FALSE,FALSE,FALSE,22.695448,88.501717,30.43,11.45,04:09.5,34:08.8
ATSAD-B0A732166910,0.98,FALSE,FALSE,FALSE,22.695551,88.502182,31.97,4.46,04:14.6,34:13.9
ATSAD-B0A732166910,0.97,FALSE,FALSE,FALSE,22.695669,88.502686,34.95,7.27,04:19.5,34:18.9
ATSAD-B0A732166910,0.95,FALSE,FALSE,FALSE,22.695787,88.503136,30.32,8.83,04:24.6,34:24.3
ATSAD-B0A732166910,1.02,FALSE,FALSE,FALSE,22.695847,88.503548,29.67,6.22,04:29.6,34:29.3
ATSAD-B0A732166910,0.98,FALSE,FALSE,FALSE,22.69591,88.50399,31.65,11.99,04:34.7,34:34.6
ATSAD-B0A732166910,1.01,FALSE,FALSE,FALSE,22.695904,88.504387,26.76,20.48,04:39.4,34:39.6
ATSAD-B0A732166910,0.99,FALSE,FALSE,FALSE,22.695929,88.504639,17.46,4.83,04:44.5,34:44.7
ATSAD-B0A732166910,0.92,FALSE,FALSE,FALSE,22.695948,88.504929,20.33,7.46,04:50.1,34:49.8
ATSAD-B0A732166910,0.86,FALSE,FALSE,FALSE,22.695944,88.505302,27.67,12.72,04:54.6,34:54.9
ATSAD-B0A732166910,0.86,FALSE,FALSE,FALSE,22.695951,88.50573,30.28,24.54,04:59.6,35:00.0
ATSAD-B0A732166910,0.92,FALSE,FALSE,FALSE,22.695953,88.506134,28.69,5.66,05:04.6,35:05.0
ATSAD-B0A732166910,1.09,FALSE,FALSE,FALSE,22.695942,88.506523,26.37,7.09,05:10.2,35:10.1
ATSAD-B0A732166910,1.08,FALSE,FALSE,FALSE,22.695938,88.506973,32.71,11.93,05:14.6,35:15.1
ATSAD-B0A732166910,1.15,FALSE,FALSE,FALSE,22.695889,88.507469,34.22,8.21,05:20.0,35:20.2
ATSAD-B0A732166910,0.97,FALSE,FALSE,FALSE,22.695837,88.507919,30.35,9.83,05:24.4,35:25.5
ATSAD-B0A732166910,0.99,FALSE,FALSE,FALSE,22.695801,88.50824,21.41,8.93,05:29.6,35:30.5
ATSAD-B0A732166910,0.93,FALSE,FALSE,FALSE,22.695763,88.50856,23.8,18.2,05:34.7,35:35.6
ATSAD-B0A732166910,1.02,FALSE,FALSE,FALSE,22.695744,88.508774,11.45,21.01,05:39.6,35:40.8
ATSAD-B0A732166910,0.87,FALSE,FALSE,FALSE,22.695723,88.508888,8.45,5.57,05:44.5,35:45.8
ATSAD-B0A732166910,0.96,FALSE,FALSE,FALSE,22.695692,88.509117,20.52,4.18,05:49.6,35:50.9
ATSAD-B0A732166910,0.89,FALSE,FALSE,FALSE,22.695639,88.509491,27.08,4.54,05:54.5,35:55.9
ATSAD-B0A732166910,0.96,FALSE,FALSE,FALSE,22.695522,88.50988,27.5,11.95,05:59.7,36:01.0
ATSAD-B0A732166910,0.72,FALSE,FALSE,FALSE,22.695457,88.510223,23.04,9.71,06:05.1,36:06.1
ATSAD-B0A732166910,0.98,FALSE,FALSE,FALSE,22.6954,88.510391,8.87,16.94,06:09.4,36:11.1
ATSAD-B0A732166910,0.93,FALSE,FALSE,FALSE,22.695385,88.510445,3.26,2.53,06:14.4,36:16.2
ATSAD-B0A732166910,0.91,FALSE,FALSE,FALSE,22.695288,88.510651,21.82,5.47,06:19.5,36:21.3
ATSAD-B0A732166910,1.11,FALSE,FALSE,FALSE,22.695185,88.510986,24.76,5.73,06:24.4,36:26.3
ATSAD-B0A732166910,0.96,FALSE,FALSE,FALSE,22.69512,88.511238,14.72,7.61,06:29.6,36:31.5
ATSAD-B0A732166910,1,FALSE,FALSE,FALSE,22.695066,88.511414,10.22,5.24,06:34.7,36:36.6
ATSAD-B0A732166910,1.07,FALSE,FALSE,FALSE,22.69504,88.51149,6.44,4.26,06:40.2,36:41.6
ATSAD-B0A732166910,0.88,FALSE,FALSE,FALSE,22.695015,88.511696,18.04,9.16,06:44.7,36:46.7
ATSAD-B0A732166910,0.86,FALSE,FALSE,FALSE,22.695126,88.511909,18.06,8.02,06:50.0,36:51.8
ATSAD-B0A732166910,0.93,FALSE,FALSE,FALSE,22.695404,88.512032,23.76,10.53,06:54.3,36:56.8
ATSAD-B0A732166910,0.99,FALSE,FALSE,FALSE,22.695555,88.512253,18.89,14.16,06:59.5,37:01.9
ATSAD-B0A732166910,1.16,FALSE,FALSE,FALSE,22.695488,88.512672,31.19,15.64,07:04.4,37:07.0
ATSAD-B0A732166910,0.98,FALSE,FALSE,FALSE,22.695408,88.513039,27.02,4.1,07:09.7,37:12.0
ATSAD-B0A732166910,0.94,FALSE,FALSE,FALSE,22.695269,88.513832,28.43,5.61,07:19.4,37:17.1
ATSAD-B0A732166910,0.94,FALSE,FALSE,FALSE,22.695269,88.513832,28.43,5.61,07:19.4,37:22.1
ATSAD-B0A732166910,0.93,FALSE,FALSE,FALSE,22.695183,88.514572,29.19,4.9,07:29.6,37:27.3
ATSAD-B0A732166910,0.97,FALSE,FALSE,FALSE,22.695158,88.514984,28.78,7.08,07:34.5,37:32.4
ATSAD-B0A732166910,1.01,FALSE,FALSE,FALSE,22.695129,88.515266,16.35,5.77,07:39.6,37:37.5
ATSAD-B0A732166910,1.09,FALSE,FALSE,FALSE,22.695066,88.515427,12.04,6.38,07:44.5,37:42.6
ATSAD-B0A732166910,0.98,FALSE,FALSE,FALSE,22.694864,88.515472,18.19,3.29,07:49.6,37:47.7
ATSAD-B0A732166910,0.98,FALSE,FALSE,FALSE,22.694864,88.515472,18.19,3.29,07:49.6,37:52.8
ATSAD-B0A732166910,0.86,FALSE,FALSE,FALSE,22.69453,88.515419,27.54,3.86,07:55.3,37:57.8
ATSAD-B0A732166910,0.92,FALSE,FALSE,FALSE,22.694201,88.515396,27.34,7.76,08:00.3,38:02.9
ATSAD-B0A732166910,0.93,FALSE,FALSE,FALSE,22.693909,88.515549,24.21,1.29,08:07.5,38:08.1
ATSAD-B0A732166910,0.94,FALSE,FALSE,FALSE,22.693193,88.515778,33.21,2.71,08:15.4,38:13.1
ATSAD-B0A732166910,1.01,FALSE,FALSE,FALSE,22.692772,88.515739,31.69,2.4,08:20.4,38:18.2
ATSAD-B0A732166910,1.02,FALSE,FALSE,FALSE,22.692392,88.515701,31.87,12.85,08:25.4,38:23.2
ATSAD-B0A732166910,0.99,FALSE,FALSE,FALSE,22.69202,88.515671,26.8,4.28,08:30.3,38:28.3
ATSAD-B0A732166910,0.99,FALSE,FALSE,FALSE,22.69202,88.515671,26.8,4.28,08:30.3,38:33.3
ATSAD-B0A732166910,0.85,FALSE,FALSE,FALSE,22.691235,88.515579,26.78,1.75,08:40.5,38:38.4
ATSAD-B0A732166910,0.95,FALSE,FALSE,FALSE,22.690857,88.515503,29.59,6.12,08:45.4,38:43.5
ATSAD-B0A732166910,1.06,FALSE,FALSE,FALSE,22.690462,88.515495,27,12,08:50.3,38:48.5
ATSAD-B0A732166910,1.03,FALSE,FALSE,FALSE,22.690289,88.515808,27.67,2.41,08:55.4,38:53.7
ATSAD-B0A732166910,0.82,FALSE,FALSE,FALSE,22.690182,88.516212,31.11,3.63,09:00.3,38:58.8
ATSAD-B0A732166910,0.94,FALSE,FALSE,FALSE,22.690119,88.516563,23.02,11.88,09:05.4,39:03.8
ATSAD-B0A732166910,1.06,FALSE,FALSE,FALSE,22.69002,88.516823,21.3,18.53,09:10.3,39:08.9
ATSAD-B0A732166910,1.03,FALSE,FALSE,FALSE,22.689796,88.516899,15.82,11.12,09:16.1,39:14.3
ATSAD-B0A732166910,0.98,FALSE,FALSE,FALSE,22.689724,88.516914,4.17,8.4,09:20.4,39:19.3
ATSAD-B0A732166910,0.98,FALSE,FALSE,FALSE,22.689613,88.516907,10.13,3.11,09:25.7,39:24.4
ATSAD-B0A732166910,0.93,FALSE,FALSE,FALSE,22.689356,88.516899,20.85,5.63,09:30.3,39:29.7
ATSAD-B0A732166910,0.93,FALSE,FALSE,FALSE,22.689085,88.516876,15.24,9.75,09:35.1,39:34.8
ATSAD-B0A732166910,1.09,FALSE,FALSE,FALSE,22.688974,88.516869,8.72,6.64,09:41.0,39:39.8
ATSAD-B0A732166910,1,FALSE,FALSE,FALSE,22.688768,88.516861,15,10.21,09:45.5,39:44.9
ATSAD-B0A732166910,1.1,FALSE,FALSE,FALSE,22.688545,88.516891,14.17,25.43,09:50.5,39:50.0
ATSAD-B0A732166910,0.93,FALSE,FALSE,FALSE,22.688461,88.517029,12.09,3.95,09:55.2,39:55.0
ATSAD-B0A732166910,0.95,FALSE,FALSE,FALSE,22.688396,88.517296,26.39,1.49,10:00.3,40:00.1
ATSAD-B0A732166910,0.87,FALSE,FALSE,FALSE,22.688292,88.517708,32.95,5.41,10:06.0,40:05.2
ATSAD-B0A732166910,0.9,FALSE,FALSE,FALSE,22.68824,88.518143,31.15,7.02,10:10.3,40:10.3
ATSAD-B0A732166910,0.99,FALSE,FALSE,FALSE,22.688168,88.518517,28.87,5.3,10:16.0,40:15.3
ATSAD-B0A732166910,1.04,FALSE,FALSE,FALSE,22.68808,88.518982,35.17,8.93,10:20.4,40:20.5
ATSAD-B0A732166910,1.04,FALSE,FALSE,FALSE,22.687904,88.519478,38.65,9.03,10:26.0,40:25.6
ATSAD-B0A732166910,0.93,FALSE,FALSE,FALSE,22.687714,88.519859,28.17,6.3,10:30.4,40:30.8
ATSAD-B0A732166910,1,FALSE,FALSE,FALSE,22.687536,88.520157,25.3,4.33,10:35.3,40:36.2
ATSAD-B0A732166910,1.03,FALSE,FALSE,FALSE,22.68745,88.520493,25.5,6.62,10:40.2,40:41.2
ATSAD-B0A732166910,0.97,FALSE,FALSE,FALSE,22.687359,88.52092,32.02,6.97,10:45.4,40:46.3
ATSAD-B0A732166910,0.96,FALSE,FALSE,FALSE,22.687208,88.521339,35.24,1.99,10:50.5,40:51.3
ATSAD-B0A732166910,0.92,FALSE,FALSE,FALSE,22.686991,88.52182,31.74,7.45,10:56.0,40:56.4
ATSAD-B0A732166910,0.97,FALSE,FALSE,FALSE,22.686821,88.522186,28.5,13.57,11:00.3,41:01.4
ATSAD-B0A732166910,1,FALSE,FALSE,FALSE,22.686712,88.522461,19.78,11.89,11:05.4,41:06.5
ATSAD-B0A732166910,1,FALSE,FALSE,FALSE,22.686563,88.522758,24.39,3.73,11:10.4,41:11.6
ATSAD-B0A732166910,1,FALSE,FALSE,FALSE,22.68644,88.523148,27.08,3.47,11:15.3,41:16.7
ATSAD-B0A732166910,0.95,FALSE,FALSE,FALSE,22.686306,88.523605,32.89,2.43,11:20.8,41:21.8
ATSAD-B0A732166910,0.89,FALSE,FALSE,FALSE,22.68618,88.524048,33.35,3.16,11:25.3,41:26.9
ATSAD-B0A732166910,1.04,FALSE,FALSE,FALSE,22.686054,88.524483,32.34,4.38,11:30.4,41:32.0
ATSAD-B0A732166910,0.92,FALSE,FALSE,FALSE,22.685852,88.524818,26.84,5,11:35.4,41:37.0
ATSAD-B0A732166910,0.96,FALSE,FALSE,FALSE,22.685589,88.525185,30.54,3.45,11:40.4,41:42.2
ATSAD-B0A732166910,0.9,FALSE,FALSE,FALSE,22.685429,88.525574,30.8,7.76,11:45.4,41:47.2
ATSAD-B0A732166910,0.99,FALSE,FALSE,FALSE,22.685305,88.52607,34.91,2.52,11:50.5,41:52.3
ATSAD-B0A732166910,0.93,FALSE,FALSE,FALSE,22.685194,88.526527,32.67,5.95,11:55.9,41:57.4
ATSAD-B0A732166910,0.93,FALSE,FALSE,FALSE,22.68512,88.526947,28.02,5.62,12:01.0,42:02.4
ATSAD-B0A732166910,0.98,FALSE,FALSE,FALSE,22.685059,88.527306,25.58,8.45,12:05.0,42:07.5
ATSAD-B0A732166910,1.11,FALSE,FALSE,FALSE,22.684858,88.527603,28.24,17.43,12:10.7,42:12.6
ATSAD-B0A732166910,0.89,FALSE,FALSE,FALSE,22.684494,88.527573,29.65,7.81,12:15.3,42:17.7
ATSAD-B0A732166910,0.97,FALSE,FALSE,FALSE,22.6842,88.527458,25.8,3.16,12:20.4,42:22.7
ATSAD-B0A732166910,1.02,FALSE,FALSE,FALSE,22.683834,88.527283,33.74,2.31,12:25.5,42:27.8
ATSAD-B0A732166910,1,FALSE,FALSE,FALSE,22.683468,88.527016,32.43,9.63,12:30.4,42:32.9
ATSAD-B0A732166910,0.96,FALSE,FALSE,FALSE,22.683083,88.526726,37.06,2.66,12:35.8,42:38.0
ATSAD-B0A732166910,0.94,FALSE,FALSE,FALSE,22.68265,88.526634,35.5,3.66,12:40.5,42:43.0
ATSAD-B0A732166910,0.97,FALSE,FALSE,FALSE,22.68215,88.526794,39.73,6.67,12:45.4,42:48.2
ATSAD-B0A732166910,1.02,FALSE,FALSE,FALSE,22.681314,88.527069,29.63,10.39,12:55.4,42:53.2
ATSAD-B0A732166910,1.16,FALSE,FALSE,FALSE,22.680927,88.527039,31.3,8.61,13:00.3,42:58.3
ATSAD-B0A732166910,1.16,FALSE,FALSE,FALSE,22.680927,88.527039,31.3,8.61,13:00.3,43:03.3
ATSAD-B0A732166910,0.89,FALSE,FALSE,FALSE,22.680256,88.527107,21.22,5.75,13:10.2,43:08.5
ATSAD-B0A732166910,0.84,FALSE,FALSE,FALSE,22.679922,88.527176,28.97,6.02,13:15.5,43:13.6
ATSAD-B0A732166910,0.99,FALSE,FALSE,FALSE,22.679508,88.527176,33.71,2.2,13:20.4,43:18.8
ATSAD-B0A732166910,0.96,FALSE,FALSE,FALSE,22.679033,88.527222,38.87,10.28,13:25.3,43:23.9
ATSAD-B0A732166910,1.07,FALSE,FALSE,FALSE,22.678553,88.527283,37.71,6.36,13:30.4,43:29.1
ATSAD-B0A732166910,0.98,FALSE,FALSE,FALSE,22.678183,88.527252,25.04,7.36,13:35.4,43:34.2
ATSAD-B0A732166910,0.89,FALSE,FALSE,FALSE,22.677866,88.52713,27.98,5.67,13:40.9,43:39.3
ATSAD-B0A732166910,0.91,FALSE,FALSE,FALSE,22.677523,88.526978,28.67,4.21,13:45.3,43:44.4
ATSAD-B0A732166910,0.98,FALSE,FALSE,FALSE,22.677212,88.526878,19.63,5,13:50.8,43:49.4
ATSAD-B0A732166910,0.98,FALSE,FALSE,FALSE,22.676949,88.526833,21.39,8.21,13:55.2,43:55.2
ATSAD-B0A732166910,1.05,FALSE,FALSE,FALSE,22.676739,88.526802,14.8,7.65,14:00.3,44:00.3
ATSAD-B0A732166910,0.97,FALSE,FALSE,FALSE,22.676422,88.527031,25.89,7.93,14:06.9,44:05.4
ATSAD-B0A732166910,0.98,FALSE,FALSE,FALSE,22.676233,88.527222,19.71,1.92,14:10.9,44:10.5
ATSAD-B0A732166910,0.99,FALSE,FALSE,FALSE,22.676058,88.527451,20.45,3.85,14:16.0,44:15.5
ATSAD-B0A732166910,0.97,FALSE,FALSE,FALSE,22.675859,88.527702,23.82,5.72,14:20.5,44:20.9
ATSAD-B0A732166910,0.95,FALSE,FALSE,FALSE,22.675629,88.527977,27.3,5.19,14:25.4,44:25.9
ATSAD-B0A732166910,0.99,FALSE,FALSE,FALSE,22.675343,88.528198,28.63,12.92,14:30.4,44:31.0
ATSAD-B0A732166910,0.85,FALSE,FALSE,FALSE,22.674938,88.528297,34.82,8.14,14:35.6,44:36.0
ATSAD-B0A732166910,0.96,FALSE,FALSE,FALSE,22.674532,88.528397,31.8,10.1,14:40.4,44:41.1
ATSAD-B0A732166910,1.08,FALSE,FALSE,FALSE,22.674215,88.528671,31.84,11.05,14:45.9,44:46.2
ATSAD-B0A732166910,1,FALSE,FALSE,FALSE,22.673876,88.528938,34.71,11.28,14:50.6,44:51.2
ATSAD-B0A732166910,0.9,FALSE,FALSE,FALSE,22.67351,88.529167,31.97,6.54,14:55.4,44:56.3
ATSAD-B0A732166910,1.07,FALSE,FALSE,FALSE,22.673279,88.52948,27.59,8.62,15:00.5,45:01.7
ATSAD-B0A732166910,1.11,FALSE,FALSE,FALSE,22.672941,88.529671,30.41,5.76,15:05.4,45:06.8
ATSAD-B0A732166910,0.91,FALSE,FALSE,FALSE,22.672558,88.5298,31.63,5.12,15:10.9,45:11.9
ATSAD-B0A732166910,0.98,FALSE,FALSE,FALSE,22.672171,88.529877,27.95,6.82,15:15.3,45:17.0
ATSAD-B0A732166910,1.04,FALSE,FALSE,FALSE,22.671785,88.529839,33.15,8.89,15:20.4,45:22.1
ATSAD-B0A732166910,1.11,FALSE,FALSE,FALSE,22.671345,88.529701,35.04,3.51,15:26.1,45:27.2
ATSAD-B0A732166910,0.82,FALSE,FALSE,FALSE,22.670874,88.529587,40.15,3.32,15:30.9,45:32.2
ATSAD-B0A732166910,0.99,FALSE,FALSE,FALSE,22.670374,88.529564,35.39,4.92,15:35.4,45:37.3
ATSAD-B0A732166910,0.87,FALSE,FALSE,FALSE,22.669912,88.529671,37.76,1.17,15:40.5,45:42.3
ATSAD-B0A732166910,0.92,FALSE,FALSE,FALSE,22.669405,88.529816,40.74,8.29,15:45.8,45:47.4
ATSAD-B0A732166910,1.06,FALSE,FALSE,FALSE,22.668905,88.529938,39.65,7.06,15:51.1,45:52.5
ATSAD-B0A732166910,0.97,FALSE,FALSE,FALSE,22.668446,88.53006,31.78,12.3,15:55.5,45:57.6
ATSAD-B0A732166910,0.94,FALSE,FALSE,FALSE,22.668058,88.530151,32.26,1.85,16:00.3,46:02.6
ATSAD-B0A732166910,0.97,FALSE,FALSE,FALSE,22.667641,88.53035,36.87,4.85,16:05.4,46:07.8
ATSAD-B0A732166910,0.94,FALSE,FALSE,FALSE,22.667204,88.53064,40.63,10.1,16:10.5,46:12.9
ATSAD-B0A732166910,0.93,FALSE,FALSE,FALSE,22.666809,88.530907,34.69,7.23,16:15.8,46:17.9
ATSAD-B0A732166910,0.98,FALSE,FALSE,FALSE,22.666557,88.53109,21.87,7.55,16:20.4,46:23.0
ATSAD-B0A732166910,1.07,FALSE,FALSE,FALSE,22.666109,88.531387,24.84,3.82,16:30.3,46:28.0
ATSAD-B0A732166910,1.07,FALSE,FALSE,FALSE,22.666109,88.531387,24.84,3.82,16:30.3,46:33.0
ATSAD-B0A732166910,1.17,FALSE,FALSE,FALSE,22.66535,88.531891,36.56,10,16:40.5,46:38.1
ATSAD-B0A732166910,1.02,FALSE,FALSE,FALSE,22.664925,88.532219,40.82,5.02,16:45.2,46:43.7
ATSAD-B0A732166910,1.02,FALSE,FALSE,FALSE,22.664442,88.532555,44.43,8.82,16:50.5,46:48.7
ATSAD-B0A732166910,0.95,FALSE,FALSE,FALSE,22.663948,88.532913,45.65,6.28,16:55.6,46:53.8
ATSAD-B0A732166910,1.01,FALSE,FALSE,FALSE,22.663475,88.533272,43.74,10.15,17:00.5,46:59.1
ATSAD-B0A732166910,1,FALSE,FALSE,FALSE,22.66304,88.533585,39.84,9.8,17:05.3,47:04.2
ATSAD-B0A732166910,1.02,FALSE,FALSE,FALSE,22.662628,88.533875,37.61,7.82,17:10.6,47:09.2
ATSAD-B0A732166910,1.01,FALSE,FALSE,FALSE,22.662157,88.534218,44.54,10.69,17:15.3,47:14.3
ATSAD-B0A732166910,0.96,FALSE,FALSE,FALSE,22.66173,88.534546,39.58,9.89,17:20.7,47:19.3
ATSAD-B0A732166910,0.9,FALSE,FALSE,FALSE,22.661337,88.534828,37.84,9,17:25.6,47:24.4
ATSAD-B0A732166910,1.08,FALSE,FALSE,FALSE,22.660934,88.535133,37.08,9.37,17:30.2,47:29.4
ATSAD-B0A732166910,0.93,FALSE,FALSE,FALSE,22.660572,88.535431,32.65,22.47,17:35.4,47:34.6
ATSAD-B0A732166910,0.79,FALSE,FALSE,FALSE,22.660442,88.535538,9.15,12.71,17:40.3,47:39.6
ATSAD-B0A732166910,0.9,FALSE,FALSE,FALSE,22.660353,88.535614,8.82,2.95,17:45.9,47:44.7
ATSAD-B0A732166910,0.92,FALSE,FALSE,FALSE,22.660191,88.535759,16.54,22.16,17:50.5,47:49.8
ATSAD-B0A732166910,0.87,FALSE,FALSE,FALSE,22.66013,88.535828,4.19,9.15,17:55.4,47:54.8
ATSAD-B0A732166910,0.94,FALSE,FALSE,FALSE,22.659996,88.53595,16.95,11.75,18:00.6,48:00.0
ATSAD-B0A732166910,0.96,FALSE,FALSE,FALSE,22.659746,88.536148,27.34,4.92,18:05.2,48:05.1
ATSAD-B0A732166910,1.06,FALSE,FALSE,FALSE,22.65941,88.536438,34.98,6.91,18:10.5,48:10.2
ATSAD-B0A732166910,0.87,FALSE,FALSE,FALSE,22.659033,88.536774,39.91,9.47,18:16.1,48:15.2
ATSAD-B0A732166910,0.98,FALSE,FALSE,FALSE,22.658646,88.537102,41.21,8.69,18:20.4,48:20.3
ATSAD-B0A732166910,0.95,FALSE,FALSE,FALSE,22.658216,88.537476,43.19,5.87,18:25.3,48:25.4
ATSAD-B0A732166910,0.94,FALSE,FALSE,FALSE,22.657757,88.537857,46.04,7.41,18:30.5,48:30.4
ATSAD-B0A732166910,1.03,FALSE,FALSE,FALSE,22.657326,88.538261,45.26,10.39,18:35.9,48:35.5
ATSAD-B0A732166910,1.03,FALSE,FALSE,FALSE,22.656918,88.538727,45.97,10.81,18:40.5,48:40.5
ATSAD-B0A732166910,1.03,FALSE,FALSE,FALSE,22.656584,88.539169,39.24,11.68,18:45.4,48:45.6
ATSAD-B0A732166910,0.88,FALSE,FALSE,FALSE,22.656271,88.539536,37.04,8.72,18:50.5,48:50.6
ATSAD-B0A732166910,0.9,FALSE,FALSE,FALSE,22.65596,88.539963,40.15,5.57,18:55.3,48:55.8
ATSAD-B0A732166910,0.92,FALSE,FALSE,FALSE,22.655579,88.540413,44.65,11.91,19:01.1,49:00.8
ATSAD-B0A732166910,0.95,FALSE,FALSE,FALSE,22.655233,88.54081,39.3,6.18,19:05.3,49:05.9
ATSAD-B0A732166910,1.02,FALSE,FALSE,FALSE,22.65481,88.541298,47.63,9.36,19:10.4,49:11.3
ATSAD-B0A732166910,0.98,FALSE,FALSE,FALSE,22.654402,88.541786,47.13,9.42,19:16.2,49:16.5
ATSAD-B0A732166910,0.9,FALSE,FALSE,FALSE,22.654015,88.542236,44.99,8.87,19:20.4,49:21.5
ATSAD-B0A732166910,0.94,FALSE,FALSE,FALSE,22.653666,88.542679,41.63,8.78,19:25.6,49:26.9
ATSAD-B0A732166910,0.94,FALSE,FALSE,FALSE,22.653666,88.542679,41.63,8.78,19:25.6,49:32.5
ATSAD-B0A732166910,0.94,FALSE,FALSE,FALSE,22.653666,88.542679,41.63,8.78,19:25.6,49:37.5
ATSAD-B0A732166910,0.94,FALSE,FALSE,FALSE,22.653666,88.542679,41.63,8.78,19:25.6,49:42.6
ATSAD-B0A732166910,0.94,FALSE,FALSE,FALSE,22.653666,88.542679,41.63,8.78,19:25.6,49:47.6
ATSAD-B0A732166910,0.94,FALSE,FALSE,FALSE,22.653666,88.542679,41.63,8.78,19:25.6,49:52.7
ATSAD-B0A732166910,0.94,FALSE,FALSE,FALSE,22.653666,88.542679,41.63,8.78,19:25.6,49:57.7
ATSAD-B0A732166910,0.94,FALSE,FALSE,FALSE,22.653666,88.542679,41.63,8.78,19:25.6,50:02.8
ATSAD-B0A732166910,0.94,FALSE,FALSE,FALSE,22.653666,88.542679,41.63,8.78,19:25.6,50:08.1
ATSAD-B0A732166910,0.94,FALSE,FALSE,FALSE,22.653666,88.542679,41.63,8.78,19:25.6,50:13.2
ATSAD-B0A732166910,0.94,FALSE,FALSE,FALSE,22.653666,88.542679,41.63,8.78,19:25.6,50:18.2
ATSAD-B0A732166910,0.94,FALSE,FALSE,FALSE,22.653666,88.542679,41.63,8.78,19:25.6,50:23.3
ATSAD-B0A732166910,0.94,FALSE,FALSE,FALSE,22.653666,88.542679,41.63,8.78,19:25.6,50:28.3
ATSAD-B0A732166910,0.94,FALSE,FALSE,FALSE,22.653666,88.542679,41.63,8.78,19:25.6,50:33.4
ATSAD-B0A732166910,0.98,FALSE,FALSE,FALSE,22.65041,88.548332,40.08,8.09,20:38.5,50:38.5
ATSAD-B0A732166910,0.98,FALSE,FALSE,FALSE,22.65041,88.548332,40.08,8.09,20:38.5,50:43.5
ATSAD-B0A732166910,0.98,FALSE,FALSE,FALSE,22.65041,88.548332,40.08,8.09,20:38.5,50:48.6
ATSAD-B0A732166910,0.98,FALSE,FALSE,FALSE,22.65041,88.548332,40.08,8.09,20:38.5,50:53.7
ATSAD-B0A732166910,0.98,FALSE,FALSE,FALSE,22.65041,88.548332,40.08,8.09,20:38.5,50:58.8
ATSAD-B0A732166910,0.98,FALSE,FALSE,FALSE,22.65041,88.548332,40.08,8.09,20:38.5,51:03.9
ATSAD-B0A732166910,0.98,FALSE,FALSE,FALSE,22.65041,88.548332,40.08,8.09,20:38.5,51:09.1
ATSAD-B0A732166910,0.98,FALSE,FALSE,FALSE,22.65041,88.548332,40.08,8.09,20:38.5,51:14.1
ATSAD-B0A732166910,0.98,FALSE,FALSE,FALSE,22.65041,88.548332,40.08,8.09,20:38.5,51:19.2
ATSAD-B0A732166910,0.98,FALSE,FALSE,FALSE,22.65041,88.548332,40.08,8.09,20:38.5,51:24.3
ATSAD-B0A732166910,0.98,FALSE,FALSE,FALSE,22.65041,88.548332,40.08,8.09,20:38.5,51:29.3
ATSAD-B0A732166910,0.98,FALSE,FALSE,FALSE,22.65041,88.548332,40.08,8.09,20:38.5,51:34.4
ATSAD-B0A732166910,0.98,FALSE,FALSE,FALSE,22.65041,88.548332,40.08,8.09,20:38.5,51:39.5
ATSAD-B0A732166910,0.98,FALSE,FALSE,FALSE,22.65041,88.548332,40.08,8.09,20:38.5,51:44.5
ATSAD-B0A732166910,0.98,FALSE,FALSE,FALSE,22.65041,88.548332,40.08,8.09,20:38.5,51:49.6
ATSAD-B0A732166910,0.98,FALSE,FALSE,FALSE,22.65041,88.548332,40.08,8.09,20:38.5,51:54.7
ATSAD-B0A732166910,0.98,FALSE,FALSE,FALSE,22.65041,88.548332,40.08,8.09,20:38.5,51:59.8
ATSAD-B0A732166910,0.98,FALSE,FALSE,FALSE,22.65041,88.548332,40.08,8.09,20:38.5,52:04.9
ATSAD-B0A732166910,0.98,FALSE,FALSE,FALSE,22.65041,88.548332,40.08,8.09,20:38.5,52:10.0
ATSAD-B0A732166910,0.98,FALSE,FALSE,FALSE,22.65041,88.548332,40.08,8.09,20:38.5,52:15.3
ATSAD-B0A732166910,0.98,FALSE,FALSE,FALSE,22.65041,88.548332,40.08,8.09,20:38.5,52:20.4
ATSAD-B0A732166910,0.98,FALSE,FALSE,FALSE,22.65041,88.548332,40.08,8.09,20:38.5,52:25.4
ATSAD-B0A732166910,0.98,FALSE,FALSE,FALSE,22.65041,88.548332,40.08,8.09,20:38.5,52:30.7
ATSAD-B0A732166910,0.98,FALSE,FALSE,FALSE,22.65041,88.548332,40.08,8.09,20:38.5,52:35.8
ATSAD-B0A732166910,0.98,FALSE,FALSE,FALSE,22.65041,88.548332,40.08,8.09,20:38.5,52:40.9
ATSAD-B0A732166910,0.98,FALSE,FALSE,FALSE,22.65041,88.548332,40.08,8.09,20:38.5,52:46.0
ATSAD-B0A732166910,0.98,FALSE,FALSE,FALSE,22.65041,88.548332,40.08,8.09,20:38.5,52:51.9
ATSAD-B0A732166910,0.98,FALSE,FALSE,FALSE,22.65041,88.548332,40.08,8.09,20:38.5,52:56.9
ATSAD-B0A732166910,0.98,FALSE,FALSE,FALSE,22.65041,88.548332,40.08,8.09,20:38.5,53:02.0
ATSAD-B0A732166910,0.98,FALSE,FALSE,FALSE,22.65041,88.548332,40.08,8.09,20:38.5,53:07.0
ATSAD-B0A732166910,0.98,FALSE,FALSE,FALSE,22.65041,88.548332,40.08,8.09,20:38.5,53:12.7
ATSAD-B0A732166910,0.98,FALSE,FALSE,FALSE,22.65041,88.548332,40.08,8.09,20:38.5,53:17.7
ATSAD-B0A732166910,0.98,FALSE,FALSE,FALSE,22.65041,88.548332,40.08,8.09,20:38.5,53:22.8
ATSAD-B0A732166910,0.98,FALSE,FALSE,FALSE,22.65041,88.548332,40.08,8.09,20:38.5,53:27.9
ATSAD-B0A732166910,0.98,FALSE,FALSE,FALSE,22.65041,88.548332,40.08,8.09,20:38.5,53:32.9
ATSAD-B0A732166910,0.98,FALSE,FALSE,FALSE,22.65041,88.548332,40.08,8.09,20:38.5,53:38.0
ATSAD-B0A732166910,0.98,FALSE,FALSE,FALSE,22.65041,88.548332,40.08,8.09,20:38.5,53:43.1
ATSAD-B0A732166910,0.98,FALSE,FALSE,FALSE,22.65041,88.548332,40.08,8.09,20:38.5,53:48.1
ATSAD-B0A732166910,0.89,FALSE,FALSE,FALSE,22.631592,88.541222,23.95,4.06,30:15.4,00:33.4
ATSAD-B0A732166910,0.89,FALSE,FALSE,FALSE,22.631592,88.541222,23.95,4.06,30:15.4,00:38.5
ATSAD-B0A732166910,0.89,FALSE,FALSE,FALSE,22.631592,88.541222,23.95,4.06,30:15.4,00:43.6
ATSAD-B0A732166910,0.89,FALSE,FALSE,FALSE,22.631592,88.541222,23.95,4.06,30:15.4,00:48.9
ATSAD-B0A732166910,0.89,FALSE,FALSE,FALSE,22.631592,88.541222,23.95,4.06,30:15.4,00:54.0
ATSAD-B0A732166910,0.89,FALSE,FALSE,FALSE,22.631592,88.541222,23.95,4.06,30:15.4,00:59.1
ATSAD-B0A732166910,0.89,FALSE,FALSE,FALSE,22.631592,88.541222,23.95,4.06,30:15.4,01:04.1
ATSAD-B0A732166910,0.89,FALSE,FALSE,FALSE,22.631592,88.541222,23.95,4.06,30:15.4,01:09.2
ATSAD-B0A732166910,0.99,FALSE,FALSE,FALSE,22.627964,88.524834,11.15,12.65,33:33.4,03:33.8
ATSAD-B0A732166910,1.09,FALSE,FALSE,FALSE,22.627916,88.524643,17.82,8.35,33:37.7,03:39.1
ATSAD-B0A732166910,1.03,FALSE,FALSE,FALSE,22.627848,88.524261,29.98,9.7,33:42.6,03:44.1
ATSAD-B0A732166910,1.01,FALSE,FALSE,FALSE,22.627771,88.523834,31.63,1.17,33:47.6,03:49.2
ATSAD-B0A732166910,0.96,FALSE,FALSE,FALSE,22.627695,88.523415,30.3,2.83,33:52.9,03:54.3
ATSAD-B0A732166910,0.94,FALSE,FALSE,FALSE,22.627628,88.523087,15.19,7.48,33:57.5,03:59.4
ATSAD-B0A732166910,1.01,FALSE,FALSE,FALSE,22.627588,88.522903,18.65,6.09,34:02.5,04:04.4
ATSAD-B0A732166910,0.96,FALSE,FALSE,FALSE,22.627539,88.522568,26.61,3.03,34:07.4,04:09.5
ATSAD-B0A732166910,0.88,FALSE,FALSE,FALSE,22.627474,88.522293,22.41,5.88,34:12.5,04:14.5
ATSAD-B0A732166910,1.08,FALSE,FALSE,FALSE,22.627413,88.521919,28.71,9.03,34:18.9,04:19.6
ATSAD-B0A732166910,1.02,FALSE,FALSE,FALSE,22.627399,88.521843,29.02,16.61,34:25.8,04:24.6
ATSAD-B0A732166910,1.02,FALSE,FALSE,FALSE,22.627399,88.521843,29.02,16.61,34:25.8,04:29.7
ATSAD-B0A732166910,0.89,FALSE,FALSE,FALSE,22.627146,88.520409,41.17,10.94,34:35.2,04:34.7
ATSAD-B0A732166910,0.94,FALSE,FALSE,FALSE,22.627043,88.519859,41.67,0.13,34:40.5,04:39.8
ATSAD-B0A732166910,0.95,FALSE,FALSE,FALSE,22.626938,88.519279,42.6,8.09,34:46.6,04:44.8
ATSAD-B0A732166910,0.92,FALSE,FALSE,FALSE,22.626919,88.519165,41.26,10.05,34:49.7,04:49.9
ATSAD-B0A732166910,0.92,FALSE,FALSE,FALSE,22.626919,88.519165,41.26,10.05,34:49.7,04:54.9
ATSAD-B0A732166910,0.92,FALSE,FALSE,FALSE,22.626919,88.519165,41.26,10.05,34:49.7,05:00.1
ATSAD-B0A732166910,0.93,FALSE,FALSE,FALSE,22.626749,88.51825,37.21,7.62,35:06.8,05:05.1
ATSAD-B0A732166910,0.96,FALSE,FALSE,FALSE,22.626732,88.518143,38.19,10.46,35:09.6,05:10.2
ATSAD-B0A732166910,0.81,FALSE,FALSE,FALSE,22.626381,88.516273,35.41,10.89,35:15.3,05:15.2
ATSAD-B0A732166910,0.95,FALSE,FALSE,FALSE,22.626295,88.515778,35.41,13.55,35:19.6,05:20.3
ATSAD-B0A732166910,1.07,FALSE,FALSE,FALSE,22.626238,88.515411,18.04,12.71,35:25.0,05:25.3
ATSAD-B0A732166910,0.88,FALSE,FALSE,FALSE,22.626211,88.515266,6.26,14.72,35:29.7,05:30.4
ATSAD-B0A732166910,0.95,FALSE,FALSE,FALSE,22.62619,88.515182,10.24,12.59,35:34.5,05:35.4
ATSAD-B0A732166910,0.92,FALSE,FALSE,FALSE,22.626131,88.514915,26.56,17.87,35:39.7,05:40.5
ATSAD-B0A732166910,0.8,FALSE,FALSE,FALSE,22.62606,88.514572,22.74,19.68,35:44.6,05:45.5
ATSAD-B0A732166910,1,FALSE,FALSE,FALSE,22.626003,88.51432,12.15,20.91,35:49.7,05:50.6
ATSAD-B0A732166910,0.98,FALSE,FALSE,FALSE,22.625999,88.51429,0.2,11.45,35:55.0,05:55.7
ATSAD-B0A732166910,0.96,FALSE,FALSE,FALSE,22.625998,88.51429,0.2,12.99,36:00.1,06:00.7
ATSAD-B0A732166910,0.96,FALSE,FALSE,FALSE,22.625999,88.514297,0.52,12.98,36:04.6,06:05.8
ATSAD-B0A732166910,0.97,FALSE,FALSE,FALSE,22.626001,88.514297,0.11,13.84,36:09.6,06:10.8
ATSAD-B0A732166910,1.02,FALSE,FALSE,FALSE,22.626005,88.514297,0.28,15.56,36:14.7,06:15.9
ATSAD-B0A732166910,0.97,FALSE,FALSE,FALSE,22.626001,88.514282,5.26,10.21,36:19.8,06:20.9
ATSAD-B0A732166910,0.97,FALSE,FALSE,FALSE,22.625978,88.514099,16.33,16,36:24.5,06:26.0
ATSAD-B0A732166910,0.93,FALSE,FALSE,FALSE,22.625946,88.513832,25.24,12.56,36:29.6,06:31.0
ATSAD-B0A732166910,0.85,FALSE,FALSE,FALSE,22.625887,88.513466,28.37,15.74,36:34.5,06:36.1
ATSAD-B0A732166910,0.78,FALSE,FALSE,FALSE,22.625795,88.513084,28.67,14.85,36:40.2,06:41.4
ATSAD-B0A732166910,0.88,FALSE,FALSE,FALSE,22.625715,88.512718,27.84,11.03,36:44.6,06:46.5
ATSAD-B0A732166910,1.15,FALSE,FALSE,FALSE,22.625648,88.512352,26.5,14.81,36:49.6,06:51.5
ATSAD-B0A732166910,1,FALSE,FALSE,FALSE,22.625618,88.512123,8.43,14.7,36:54.6,06:56.6
ATSAD-B0A732166910,1.09,FALSE,FALSE,FALSE,22.625593,88.511932,21.21,11.3,36:59.5,07:01.7
ATSAD-B0A732166910,1.09,FALSE,FALSE,FALSE,22.625517,88.511559,32.15,14.32,37:04.5,07:06.8
ATSAD-B0A732166910,0.98,FALSE,FALSE,FALSE,22.625429,88.511124,35.58,11.46,37:09.6,07:11.8
ATSAD-B0A732166910,0.9,FALSE,FALSE,FALSE,22.625324,88.510605,41.04,14.83,37:14.7,07:16.9
ATSAD-B0A732166910,0.88,FALSE,FALSE,FALSE,22.625227,88.510056,43.65,11.03,37:19.6,07:22.0
ATSAD-B0A732166910,0.94,FALSE,FALSE,FALSE,22.625101,88.509438,46.91,14.97,37:25.3,07:27.1
ATSAD-B0A732166910,0.92,FALSE,FALSE,FALSE,22.624872,88.508263,41.82,13.35,37:34.5,07:32.2
ATSAD-B0A732166910,0.98,FALSE,FALSE,FALSE,22.624763,88.507736,38.37,16.07,37:39.5,07:37.2
ATSAD-B0A732166910,0.98,FALSE,FALSE,FALSE,22.624763,88.507736,38.37,16.07,37:39.5,07:42.3
ATSAD-B0A732166910,0.71,FALSE,FALSE,FALSE,22.624653,88.506935,12.09,2.33,37:49.7,07:47.3
ATSAD-B0A732166910,0.87,FALSE,FALSE,FALSE,22.624622,88.50676,17.78,3.69,37:54.5,07:52.4
ATSAD-B0A732166910,1.06,FALSE,FALSE,FALSE,22.624563,88.506454,24.35,10.85,37:59.8,07:57.4
ATSAD-B0A732166910,0.88,FALSE,FALSE,FALSE,22.624506,88.506119,29.61,11.15,38:04.9,08:02.5
ATSAD-B0A732166910,1.04,FALSE,FALSE,FALSE,22.624434,88.505692,34.61,10.51,38:09.5,08:07.6
ATSAD-B0A732166910,0.98,FALSE,FALSE,FALSE,22.62435,88.505226,33.08,15.31,38:14.7,08:12.6
ATSAD-B0A732166910,0.95,FALSE,FALSE,FALSE,22.624269,88.504837,29.13,12.01,38:20.1,08:17.7
ATSAD-B0A732166910,0.95,FALSE,FALSE,FALSE,22.624178,88.504395,36.34,12.09,38:24.5,08:22.8
ATSAD-B0A732166910,0.96,FALSE,FALSE,FALSE,22.624102,88.503899,37.48,8.62,38:29.6,08:27.9
ATSAD-B0A732166910,0.95,FALSE,FALSE,FALSE,22.624006,88.50338,39.15,7.47,38:34.7,08:32.9
ATSAD-B0A732166910,0.94,FALSE,FALSE,FALSE,22.623907,88.502831,41.37,15.05,38:39.6,08:38.3
ATSAD-B0A732166910,1.01,FALSE,FALSE,FALSE,22.623806,88.502296,41.13,13.75,38:44.7,08:43.3
ATSAD-B0A732166910,0.98,FALSE,FALSE,FALSE,22.623709,88.501724,43.3,13.38,38:49.5,08:48.4
ATSAD-B0A732166910,0.84,FALSE,FALSE,FALSE,22.623606,88.501152,42.84,11.28,38:54.7,08:53.4
ATSAD-B0A732166910,0.89,FALSE,FALSE,FALSE,22.623512,88.50058,42.52,9.53,38:59.5,08:58.5
ATSAD-B0A732166910,0.97,FALSE,FALSE,FALSE,22.623405,88.500008,44.24,13.08,39:04.7,09:03.5
ATSAD-B0A732166910,1.06,FALSE,FALSE,FALSE,22.623283,88.499405,46.58,17.77,39:09.7,09:08.6
ATSAD-B0A732166910,0.96,FALSE,FALSE,FALSE,22.623178,88.498817,40.58,24.79,39:14.8,09:13.6
ATSAD-B0A732166910,0.72,FALSE,FALSE,FALSE,22.623119,88.498535,11.35,17.26,39:19.4,09:18.7
ATSAD-B0A732166910,1.09,FALSE,FALSE,FALSE,22.62307,88.498283,26.15,8.33,39:24.7,09:23.7
ATSAD-B0A732166910,0.98,FALSE,FALSE,FALSE,22.622992,88.497833,34.97,15.32,39:29.6,09:28.8
ATSAD-B0A732166910,0.92,FALSE,FALSE,FALSE,22.622904,88.497322,40.56,15.64,39:34.5,09:33.9
ATSAD-B0A732166910,1.03,FALSE,FALSE,FALSE,22.622808,88.496742,43.19,13.27,39:40.3,09:38.9
ATSAD-B0A732166910,1.11,FALSE,FALSE,FALSE,22.622705,88.496155,43.61,17.4,39:44.6,09:44.0
ATSAD-B0A732166910,1.08,FALSE,FALSE,FALSE,22.622622,88.495621,34.54,16.19,39:50.0,09:49.1
ATSAD-B0A732166910,0.89,FALSE,FALSE,FALSE,22.622599,88.495216,29.52,16.43,39:54.6,09:54.1
ATSAD-B0A732166910,1.04,FALSE,FALSE,FALSE,22.62262,88.494827,28.41,15.68,39:59.3,09:59.2
ATSAD-B0A732166910,0.97,FALSE,FALSE,FALSE,22.622692,88.494408,34.04,13.87,40:04.8,10:04.2
ATSAD-B0A732166910,0.94,FALSE,FALSE,FALSE,22.622793,88.493965,31.95,23.9,40:09.4,10:09.3
ATSAD-B0A732166910,0.96,FALSE,FALSE,FALSE,22.622862,88.493706,7.13,17.48,40:14.7,10:14.3
ATSAD-B0A732166910,0.99,FALSE,FALSE,FALSE,22.62289,88.493614,12.2,12.88,40:19.3,10:19.4
ATSAD-B0A732166910,0.98,FALSE,FALSE,FALSE,22.623003,88.493347,23.98,32.81,40:24.8,10:24.5
ATSAD-B0A732166910,0.96,FALSE,FALSE,FALSE,22.623047,88.49324,2.89,14.18,40:29.8,10:29.5
ATSAD-B0A732166910,1.07,FALSE,FALSE,FALSE,22.623131,88.493103,19.58,16.05,40:34.7,10:34.6
ATSAD-B0A732166910,1.1,FALSE,FALSE,FALSE,22.623297,88.492836,25.91,16.68,40:39.3,10:39.8
ATSAD-B0A732166910,1.06,FALSE,FALSE,FALSE,22.623484,88.492561,25.5,18.59,40:45.1,10:44.9
ATSAD-B0A732166910,0.97,FALSE,FALSE,FALSE,22.623692,88.492256,25.15,13.11,40:50.3,10:50.0
ATSAD-B0A732166910,1.01,FALSE,FALSE,FALSE,22.623886,88.492035,20.13,16.08,40:54.6,10:55.0
ATSAD-B0A732166910,0.99,FALSE,FALSE,FALSE,22.62406,88.491859,14.04,15.68,40:59.5,11:00.1
ATSAD-B0A732166910,0.86,FALSE,FALSE,FALSE,22.624197,88.491699,21.59,12.68,41:04.6,11:05.1
ATSAD-B0A732166910,0.93,FALSE,FALSE,FALSE,22.624453,88.491402,31.39,13.48,41:09.6,11:10.2
ATSAD-B0A732166910,0.86,FALSE,FALSE,FALSE,22.624737,88.491081,33.85,17.22,41:15.0,11:15.2
ATSAD-B0A732166910,1.05,FALSE,FALSE,FALSE,22.625042,88.490738,33.1,17.54,41:19.7,11:20.3
ATSAD-B0A732166910,1.1,FALSE,FALSE,FALSE,22.625271,88.490486,20.52,11.79,41:24.7,11:25.3
ATSAD-B0A732166910,1.03,FALSE,FALSE,FALSE,22.625465,88.490273,25.21,16.79,41:29.7,11:30.4
ATSAD-B0A732166910,0.91,FALSE,FALSE,FALSE,22.625694,88.490013,25.43,13.41,41:34.5,11:35.4
ATSAD-B0A732166910,0.97,FALSE,FALSE,FALSE,22.625946,88.489746,23.34,22.12,41:39.6,11:40.5
ATSAD-B0A732166910,0.95,FALSE,FALSE,FALSE,22.626137,88.489548,23.06,18.97,41:44.3,11:45.5
ATSAD-B0A732166910,0.97,FALSE,FALSE,FALSE,22.626348,88.489349,13.22,25.43,41:50.0,11:50.6
ATSAD-B0A732166910,0.94,FALSE,FALSE,FALSE,22.626387,88.489319,0.59,17.55,41:54.6,11:55.6
ATSAD-B0A732166910,0.96,FALSE,FALSE,FALSE,22.626392,88.489319,0.24,17.1,41:59.6,12:00.7
ATSAD-B0A732166910,0.96,FALSE,FALSE,FALSE,22.626402,88.489319,0.59,16.23,42:04.7,12:05.7
ATSAD-B0A732166910,0.98,FALSE,FALSE,FALSE,22.626408,88.489319,0.04,14.94,42:09.6,12:10.8
ATSAD-B0A732166910,0.98,FALSE,FALSE,FALSE,22.62641,88.489311,1.39,13.26,42:14.5,12:15.8
ATSAD-B0A732166910,0.77,FALSE,FALSE,FALSE,22.626411,88.489311,0.04,9.06,42:19.7,12:20.9
ATSAD-B0A732166910,0.95,FALSE,FALSE,FALSE,22.626423,88.489288,4.85,12.16,42:25.0,12:25.9
ATSAD-B0A732166910,1.01,FALSE,FALSE,FALSE,22.626463,88.48925,3.02,13.24,42:29.8,12:31.0
ATSAD-B0A732166910,0.95,FALSE,FALSE,FALSE,22.626484,88.48922,1.26,14.3,42:34.5,12:36.1
ATSAD-B0A732166910,0.97,FALSE,FALSE,FALSE,22.626486,88.489212,1.13,14.32,42:39.7,12:41.1
ATSAD-B0A732166910,0.97,FALSE,FALSE,FALSE,22.626484,88.489204,0.74,15.29,42:44.9,12:46.3
ATSAD-B0A732166910,0.97,FALSE,FALSE,FALSE,22.626486,88.48922,0.61,14.28,42:49.7,12:51.3
ATSAD-B0A732166910,0.96,FALSE,FALSE,FALSE,22.62649,88.48922,0.15,13.82,42:55.1,12:56.4
ATSAD-B0A732166910,0.96,FALSE,FALSE,FALSE,22.626492,88.489227,0.2,14.08,42:59.5,13:01.5
ATSAD-B0A732166910,0.97,FALSE,FALSE,FALSE,22.626503,88.489204,2.06,21.35,43:04.7,13:06.6
ATSAD-B0A732166910,0.97,FALSE,FALSE,FALSE,22.626514,88.489174,0.19,14.63,43:09.6,13:11.6
ATSAD-B0A732166910,0.95,FALSE,FALSE,FALSE,22.626518,88.489166,0.44,14.98,43:14.8,13:16.7
ATSAD-B0A732166910,0.96,FALSE,FALSE,FALSE,22.626526,88.489151,0.11,13.87,43:19.7,13:21.8
ATSAD-B0A732166910,0.97,FALSE,FALSE,FALSE,22.626532,88.489143,0.06,14.03,43:24.9,13:26.9
ATSAD-B0A732166910,1.01,FALSE,FALSE,FALSE,22.626539,88.489128,4.37,9.13,43:29.7,13:32.0
ATSAD-B0A732166910,0.94,FALSE,FALSE,FALSE,22.626656,88.489029,16.08,17.86,43:34.6,13:37.0
ATSAD-B0A732166910,0.95,FALSE,FALSE,FALSE,22.626732,88.488968,1.22,7.97,43:39.9,13:42.2
ATSAD-B0A732166910,0.98,FALSE,FALSE,FALSE,22.626787,88.488937,1.17,12.92,43:49.4,13:47.2
ATSAD-B0A732166910,0.96,FALSE,FALSE,FALSE,22.626841,88.488869,12.04,8.99,43:54.6,13:52.3
ATSAD-B0A732166910,0.94,FALSE,FALSE,FALSE,22.626966,88.488724,18.93,6.15,43:59.5,13:57.4
ATSAD-B0A732166910,1,FALSE,FALSE,FALSE,22.627121,88.488472,27.56,13.59,44:04.8,14:02.5
ATSAD-B0A732166910,1,FALSE,FALSE,FALSE,22.627121,88.488472,27.56,13.59,44:04.8,14:07.5
ATSAD-B0A732166910,0.96,FALSE,FALSE,FALSE,22.62731,88.48819,25.85,16.94,44:10.1,14:12.6
ATSAD-B0A732166910,1.07,FALSE,FALSE,FALSE,22.627619,88.487885,14.04,8.07,44:19.6,14:17.6
ATSAD-B0A732166910,1.17,FALSE,FALSE,FALSE,22.627827,88.487663,22.06,14.72,44:24.8,14:22.7
ATSAD-B0A732166910,0.82,FALSE,FALSE,FALSE,22.628086,88.487389,28.43,14.43,44:29.4,14:27.8
ATSAD-B0A732166910,1.09,FALSE,FALSE,FALSE,22.628344,88.487122,24.91,21.31,44:34.7,14:32.9
ATSAD-B0A732166910,1.09,FALSE,FALSE,FALSE,22.628477,88.486984,7.26,14.74,44:39.8,14:37.9
ATSAD-B0A732166910,0.94,FALSE,FALSE,FALSE,22.628582,88.48687,11.74,7.95,44:44.6,14:43.0
ATSAD-B0A732166910,0.98,FALSE,FALSE,FALSE,22.62874,88.486656,20.98,13.62,44:49.7,14:48.0
ATSAD-B0A732166910,1.05,FALSE,FALSE,FALSE,22.628866,88.486496,6.72,19.56,44:54.6,14:53.1
ATSAD-B0A732166910,1.08,FALSE,FALSE,FALSE,22.62899,88.486374,12.69,16.56,44:59.6,14:58.2
ATSAD-B0A732166910,0.99,FALSE,FALSE,FALSE,22.629183,88.486183,19.24,12.23,45:04.9,15:03.2
ATSAD-B0A732166910,1.09,FALSE,FALSE,FALSE,22.629379,88.485947,22.21,15.99,45:09.9,15:08.3
ATSAD-B0A732166910,0.99,FALSE,FALSE,FALSE,22.629635,88.48568,21.61,13.55,45:14.7,15:13.4
ATSAD-B0A732166910,0.91,FALSE,FALSE,FALSE,22.629892,88.48539,13.43,24.78,45:19.8,15:18.4
ATSAD-B0A732166910,1.05,FALSE,FALSE,FALSE,22.630024,88.485245,6.82,8.32,45:25.4,15:23.5
ATSAD-B0A732166910,0.92,FALSE,FALSE,FALSE,22.630171,88.485092,13.17,17.08,45:29.7,15:28.5
ATSAD-B0A732166910,0.97,FALSE,FALSE,FALSE,22.630377,88.484886,21.69,18.24,45:34.8,15:33.6
ATSAD-B0A732166910,1.01,FALSE,FALSE,FALSE,22.63056,88.484703,14.7,26.16,45:40.3,15:38.6
ATSAD-B0A732166910,0.93,FALSE,FALSE,FALSE,22.630661,88.484589,6.17,9.54,45:45.6,15:43.7
ATSAD-B0A732166910,0.98,FALSE,FALSE,FALSE,22.630758,88.484482,6.5,26.05,45:49.8,15:48.7
ATSAD-B0A732166910,0.98,FALSE,FALSE,FALSE,22.630758,88.484482,6.5,26.05,45:49.8,15:53.8
ATSAD-B0A732166910,0.99,FALSE,FALSE,FALSE,22.630903,88.484322,4.28,15.28,45:59.8,15:58.9
ATSAD-B0A732166910,0.96,FALSE,FALSE,FALSE,22.631016,88.484177,13.91,14.84,46:04.9,16:03.9
ATSAD-B0A732166910,0.85,FALSE,FALSE,FALSE,22.631142,88.484016,13.69,12.6,46:10.0,16:09.0
ATSAD-B0A732166910,0.97,FALSE,FALSE,FALSE,22.631321,88.48381,19.71,19.23,46:14.9,16:14.1
ATSAD-B0A732166910,1.15,FALSE,FALSE,FALSE,22.631445,88.483627,11.57,4.45,46:19.7,16:19.2
ATSAD-B0A732166910,0.8,FALSE,FALSE,FALSE,22.631617,88.483337,23.96,13.06,46:24.8,16:24.2
ATSAD-B0A732166910,0.97,FALSE,FALSE,FALSE,22.631853,88.482918,35.78,16.49,46:30.2,16:29.3
ATSAD-B0A732166910,1.01,FALSE,FALSE,FALSE,22.632065,88.482407,37.85,12.83,46:34.7,16:34.4
ATSAD-B0A732166910,0.93,FALSE,FALSE,FALSE,22.632206,88.481834,39.95,8.48,46:39.7,16:39.4
ATSAD-B0A732166910,1.03,FALSE,FALSE,FALSE,22.632298,88.481354,26.02,21.49,46:44.8,16:44.5
ATSAD-B0A732166910,1.03,FALSE,FALSE,FALSE,22.632318,88.481178,6.56,7.71,46:50.3,16:49.5
ATSAD-B0A732166910,1,FALSE,FALSE,FALSE,22.632334,88.48098,15.54,8.54,46:54.6,16:54.6
ATSAD-B0A732166910,1.09,FALSE,FALSE,FALSE,22.632355,88.480629,28.26,6.69,47:00.1,16:59.6
ATSAD-B0A732166910,0.92,FALSE,FALSE,FALSE,22.63237,88.480156,35.47,8.83,47:06.9,17:04.7
ATSAD-B0A732166910,1.03,FALSE,FALSE,FALSE,22.632374,88.480049,38.32,13.19,47:09.8,17:09.7
ATSAD-B0A732166910,1.07,FALSE,FALSE,FALSE,22.632463,88.478958,46.43,22.87,47:14.9,17:14.8
ATSAD-B0A732166910,0.92,FALSE,FALSE,FALSE,22.63249,88.47847,28.8,26.08,47:20.3,17:20.2
ATSAD-B0A732166910,0.99,FALSE,FALSE,FALSE,22.632507,88.478279,7.57,12.54,47:27.7,17:25.2
ATSAD-B0A732166910,0.96,FALSE,FALSE,FALSE,22.632513,88.478279,1.7,1.28,47:31.5,17:30.3
ATSAD-B0A732166910,0.97,FALSE,FALSE,FALSE,22.632524,88.478256,0.91,2.6,47:35.4,17:35.3
ATSAD-B0A732166910,0.97,FALSE,FALSE,FALSE,22.632532,88.478249,0.19,3.52,47:40.5,17:40.4
ATSAD-B0A732166910,0.99,FALSE,FALSE,FALSE,22.63254,88.478241,0.39,7.81,47:45.7,17:45.4
ATSAD-B0A732166910,0.97,FALSE,FALSE,FALSE,22.632544,88.478233,0.04,7.38,47:51.1,17:50.5
ATSAD-B0A732166910,0.95,FALSE,FALSE,FALSE,22.632553,88.478233,0.54,7.17,47:55.5,17:55.6
ATSAD-B0A732166910,0.97,FALSE,FALSE,FALSE,22.632555,88.478233,0.22,7.9,48:01.1,18:00.6
ATSAD-B0A732166910,0.98,FALSE,FALSE,FALSE,22.632561,88.478233,0.11,7.5,48:06.2,18:05.7
ATSAD-B0A732166910,0.97,FALSE,FALSE,FALSE,22.632565,88.478233,0.09,8.22,48:11.2,18:11.1
ATSAD-B0A732166910,1.05,FALSE,FALSE,FALSE,22.633371,88.465836,28.41,11.2,53:07.6,23:08.2
ATSAD-B0A732166910,0.9,FALSE,FALSE,FALSE,22.633396,88.465446,23.52,21.65,53:12.5,23:13.3
ATSAD-B0A732166910,0.76,FALSE,FALSE,FALSE,22.6334,88.465309,5.98,4.94,53:18.0,23:18.6
ATSAD-B0A732166910,0.85,FALSE,FALSE,FALSE,22.6334,88.465157,15.46,9.13,53:22.6,23:23.7
ATSAD-B0A732166910,1.13,FALSE,FALSE,FALSE,22.63341,88.464844,25.95,4.78,53:27.8,23:28.8
ATSAD-B0A732166910,0.97,FALSE,FALSE,FALSE,22.63343,88.464447,30.17,10.84,53:32.8,23:33.8
ATSAD-B0A732166910,1.01,FALSE,FALSE,FALSE,22.633469,88.464005,32.98,10.46,53:37.5,23:38.9
ATSAD-B0A732166910,1.01,FALSE,FALSE,FALSE,22.633524,88.463516,34.63,11.71,53:42.8,23:43.9
ATSAD-B0A732166910,1,FALSE,FALSE,FALSE,22.633558,88.463066,31.08,20.33,53:47.6,23:49.0
ATSAD-B0A732166910,0.96,FALSE,FALSE,FALSE,22.633579,88.462769,12.72,26.95,53:52.9,23:54.1
ATSAD-B0A732166910,0.97,FALSE,FALSE,FALSE,22.633585,88.462746,0.13,15.25,53:57.6,23:59.2
ATSAD-B0A732166910,0.97,FALSE,FALSE,FALSE,22.633587,88.46273,0.06,12.97,54:02.5,24:04.4
ATSAD-B0A732166910,0.94,FALSE,FALSE,FALSE,22.633587,88.462723,0.09,12.34,54:07.5,24:09.5
ATSAD-B0A732166910,0.95,FALSE,FALSE,FALSE,22.633585,88.462692,5.52,9.38,54:13.1,24:14.5
ATSAD-B0A732166910,0.98,FALSE,FALSE,FALSE,22.633596,88.462555,8.96,14.82,54:17.7,24:19.6
ATSAD-B0A732166910,1.06,FALSE,FALSE,FALSE,22.633604,88.462318,22.17,14,54:23.1,24:24.8
ATSAD-B0A732166910,1.06,FALSE,FALSE,FALSE,22.633615,88.461914,31.67,12.74,54:27.5,24:29.9
ATSAD-B0A732166910,0.95,FALSE,FALSE,FALSE,22.63365,88.461456,34.52,9.47,54:32.6,24:34.9
ATSAD-B0A732166910,1.05,FALSE,FALSE,FALSE,22.633682,88.460983,33.76,18.27,54:38.1,24:40.0
ATSAD-B0A732166910,1.01,FALSE,FALSE,FALSE,22.633717,88.460594,21.08,25.56,54:43.1,24:45.0
ATSAD-B0A732166910,0.96,FALSE,FALSE,FALSE,22.633724,88.460434,7.13,10.15,54:47.6,24:50.1
ATSAD-B0A732166910,1,FALSE,FALSE,FALSE,22.633728,88.46032,7.13,11.06,54:52.7,24:55.2
ATSAD-B0A732166910,1.04,FALSE,FALSE,FALSE,22.633715,88.459785,29.13,18.8,55:02.5,25:00.2
ATSAD-B0A732166910,0.96,FALSE,FALSE,FALSE,22.633709,88.459518,8.95,16.37,55:07.6,25:05.3
ATSAD-B0A732166910,1,FALSE,FALSE,FALSE,22.633707,88.459381,13.39,10.3,55:12.5,25:10.3
ATSAD-B0A732166910,0.99,FALSE,FALSE,FALSE,22.633686,88.459114,21.69,8.35,55:17.7,25:15.4
ATSAD-B0A732166910,1.07,FALSE,FALSE,FALSE,22.633698,88.458725,28.15,18.73,55:22.6,25:20.4
ATSAD-B0A732166910,1.07,FALSE,FALSE,FALSE,22.633698,88.458725,28.15,18.73,55:22.6,25:25.5
ATSAD-B0A732166910,1.03,FALSE,FALSE,FALSE,22.633755,88.458252,7.83,8.81,55:32.6,25:30.6
ATSAD-B0A732166910,0.87,FALSE,FALSE,FALSE,22.633778,88.458031,13.52,13.12,55:37.6,25:35.6
ATSAD-B0A732166910,0.96,FALSE,FALSE,FALSE,22.633846,88.457855,0.37,14.38,55:42.6,25:40.7
ATSAD-B0A732166910,0.97,FALSE,FALSE,FALSE,22.633871,88.457825,0.13,15.21,55:47.4,25:45.7
ATSAD-B0A732166910,0.98,FALSE,FALSE,FALSE,22.633884,88.457809,0.13,14.87,55:52.7,25:50.8
ATSAD-B0A732166910,0.97,FALSE,FALSE,FALSE,22.633892,88.457802,0.2,14.95,55:58.1,25:55.9
ATSAD-B0A732166910,0.95,FALSE,FALSE,FALSE,22.633894,88.457802,0.31,14.23,56:03.0,26:01.4
ATSAD-B0A732166910,0.96,FALSE,FALSE,FALSE,22.633898,88.457794,0.43,14.2,56:07.6,26:06.5
ATSAD-B0A732166910,1.04,FALSE,FALSE,FALSE,22.633898,88.457787,1.28,11.93,56:13.1,26:11.7
ATSAD-B0A732166910,0.97,FALSE,FALSE,FALSE,22.633898,88.457779,0.24,15.02,56:18.2,26:16.8
ATSAD-B0A732166910,0.96,FALSE,FALSE,FALSE,22.633904,88.457779,0.31,10.3,56:22.6,26:21.8
ATSAD-B0A732166910,0.96,FALSE,FALSE,FALSE,22.633907,88.457771,0.19,11.18,56:27.5,26:26.9
ATSAD-B0A732166910,0.96,FALSE,FALSE,FALSE,22.633911,88.457779,0.54,8.71,56:32.6,26:32.0
ATSAD-B0A732166910,0.96,FALSE,FALSE,FALSE,22.633909,88.457741,8.69,10.56,56:37.5,26:37.0
ATSAD-B0A732166910,1.05,FALSE,FALSE,FALSE,22.633905,88.457573,14.35,4.36,56:42.6,26:42.1
ATSAD-B0A732166910,0.96,FALSE,FALSE,FALSE,22.633924,88.457253,27.19,5.67,56:47.5,26:47.2
ATSAD-B0A732166910,0.99,FALSE,FALSE,FALSE,22.63394,88.456886,26.76,12.16,56:52.7,26:52.4
ATSAD-B0A732166910,1.14,FALSE,FALSE,FALSE,22.633982,88.45649,32.47,9.76,56:57.6,26:57.5
ATSAD-B0A732166910,0.91,FALSE,FALSE,FALSE,22.633987,88.456039,31.56,16.02,57:02.5,27:02.5
ATSAD-B0A732166910,1.01,FALSE,FALSE,FALSE,22.634016,88.455643,29.69,11.39,57:07.7,27:07.7
ATSAD-B0A732166910,1.01,FALSE,FALSE,FALSE,22.634043,88.455238,27.19,13.96,57:12.4,27:13.0
ATSAD-B0A732166910,0.8,FALSE,FALSE,FALSE,22.634064,88.454933,21.5,6.49,57:17.4,27:18.1
ATSAD-B0A732166910,0.93,FALSE,FALSE,FALSE,22.634096,88.454552,27.63,21.88,57:22.8,27:23.3
ATSAD-B0A732166910,1.36,FALSE,FALSE,FALSE,22.634109,88.454391,7.43,3.06,57:27.7,27:28.6
ATSAD-B0A732166910,1.04,FALSE,FALSE,FALSE,22.634129,88.454178,18.87,13.01,57:33.1,27:33.7
ATSAD-B0A732166910,0.99,FALSE,FALSE,FALSE,22.634132,88.453918,18.02,7.25,57:37.3,27:38.7
ATSAD-B0A732166910,1.01,FALSE,FALSE,FALSE,22.634146,88.453598,25.63,6.9,57:42.9,27:44.1
ATSAD-B0A732166910,1,FALSE,FALSE,FALSE,22.634161,88.453232,25.19,6.75,57:47.6,27:49.2
ATSAD-B0A732166910,1.04,FALSE,FALSE,FALSE,22.634132,88.452843,29.71,11.5,57:53.1,27:54.2
ATSAD-B0A732166910,0.95,FALSE,FALSE,FALSE,22.634026,88.452423,32.47,10.09,57:57.4,27:59.3
ATSAD-B0A732166910,1.09,FALSE,FALSE,FALSE,22.633816,88.452003,35.65,14.24,58:02.7,28:04.4
ATSAD-B0A732166910,1.03,FALSE,FALSE,FALSE,22.633545,88.451569,37.04,11.26,58:07.6,28:09.4
ATSAD-B0A732166910,1,FALSE,FALSE,FALSE,22.633259,88.451225,26.95,18.15,58:12.5,28:14.8
ATSAD-B0A732166910,1.01,FALSE,FALSE,FALSE,22.633095,88.451096,3.5,10.88,58:17.7,28:20.0
ATSAD-B0A732166910,0.98,FALSE,FALSE,FALSE,22.633083,88.451096,1.04,13.56,58:22.6,28:25.1
ATSAD-B0A732166910,1,FALSE,FALSE,FALSE,22.633059,88.451111,1.52,14.05,58:27.7,28:30.2
ATSAD-B0A732166910,0.78,FALSE,FALSE,FALSE,22.633022,88.451088,6.67,12.04,58:32.6,28:35.3
ATSAD-B0A732166910,1,FALSE,FALSE,FALSE,22.632713,88.450676,31.72,10.49,58:42.3,28:40.3
ATSAD-B0A732166910,1.04,FALSE,FALSE,FALSE,22.632408,88.450333,35.35,13.05,58:47.6,28:45.4
ATSAD-B0A732166910,0.95,FALSE,FALSE,FALSE,22.632135,88.45005,19.46,19.64,58:52.7,28:50.6
ATSAD-B0A732166910,0.97,FALSE,FALSE,FALSE,22.632051,88.449959,5.56,10.11,58:57.7,28:55.7
ATSAD-B0A732166910,0.94,FALSE,FALSE,FALSE,22.631968,88.44989,10.93,4.58,59:03.0,29:00.7
ATSAD-B0A732166910,0.97,FALSE,FALSE,FALSE,22.631807,88.449745,21.17,8.68,59:07.6,29:05.8
ATSAD-B0A732166910,0.97,FALSE,FALSE,FALSE,22.63159,88.449509,28.43,11.88,59:13.1,29:10.8
ATSAD-B0A732166910,0.95,FALSE,FALSE,FALSE,22.631317,88.449135,38.58,11.28,59:17.8,29:15.9
ATSAD-B0A732166910,0.95,FALSE,FALSE,FALSE,22.630964,88.448753,37.3,14.88,59:22.7,29:20.9
ATSAD-B0A732166910,0.94,FALSE,FALSE,FALSE,22.630672,88.448479,21.95,19.87,59:27.6,29:26.0
ATSAD-B0A732166910,0.93,FALSE,FALSE,FALSE,22.630577,88.44838,3.57,12.55,59:32.6,29:31.0
ATSAD-B0A732166910,0.99,FALSE,FALSE,FALSE,22.630434,88.44825,21.24,6.32,59:37.7,29:36.1
ATSAD-B0A732166910,0.95,FALSE,FALSE,FALSE,22.630188,88.447998,31.67,15.14,59:42.7,29:41.1
ATSAD-B0A732166910,0.92,FALSE,FALSE,FALSE,22.629881,88.447662,37.1,11.86,59:47.4,29:46.6
ATSAD-B0A732166910,1.05,FALSE,FALSE,FALSE,22.62949,88.447319,44.06,10.42,59:53.0,29:51.7
ATSAD-B0A732166910,1.02,FALSE,FALSE,FALSE,22.629099,88.446861,47.28,10.59,59:58.0,29:56.7
ATSAD-B0A732166910,0.85,FALSE,FALSE,FALSE,22.628696,88.446404,42.56,9.51,00:02.7,30:01.8
ATSAD-B0A732166910,0.9,FALSE,FALSE,FALSE,22.628334,88.446014,36.58,11.04,00:07.7,30:06.8
ATSAD-B0A732166910,1.08,FALSE,FALSE,FALSE,22.628065,88.445732,24,15.8,00:12.6,30:11.9
ATSAD-B0A732166910,0.95,FALSE,FALSE,FALSE,22.627924,88.44558,7.83,12.64,00:17.6,30:16.9
ATSAD-B0A732166910,1.02,FALSE,FALSE,FALSE,22.627831,88.445488,15.83,8.55,00:22.6,30:22.0
ATSAD-B0A732166910,0.93,FALSE,FALSE,FALSE,22.627621,88.44529,23.35,4.37,00:27.7,30:27.1
ATSAD-B0A732166910,0.85,FALSE,FALSE,FALSE,22.627356,88.445015,32.85,11,00:32.4,30:32.1
ATSAD-B0A732166910,1.02,FALSE,FALSE,FALSE,22.627005,88.444664,39.52,10.6,00:37.5,30:37.2
ATSAD-B0A732166910,0.48,FALSE,FALSE,FALSE,22.626644,88.444305,36.87,15.48,00:42.7,30:42.2
ATSAD-B0A732166910,1.02,FALSE,FALSE,FALSE,22.626345,88.443962,30.72,14.26,00:48.0,30:47.3
ATSAD-B0A732166910,0.97,FALSE,FALSE,FALSE,22.626097,88.443718,17.67,27.73,00:52.7,30:52.4
ATSAD-B0A732166910,1.14,FALSE,FALSE,FALSE,22.626024,88.443634,7.72,9.52,00:58.2,30:57.4
ATSAD-B0A732166910,1.14,FALSE,FALSE,FALSE,22.625866,88.443443,22.13,29.66,01:02.8,31:02.5
ATSAD-B0A732166910,0.82,FALSE,FALSE,FALSE,22.625576,88.443237,32.1,11.89,01:07.7,31:07.6
ATSAD-B0A732166910,1.09,FALSE,FALSE,FALSE,22.625282,88.443024,25.85,11.85,01:13.4,31:12.6
ATSAD-B0A732166910,1.11,FALSE,FALSE,FALSE,22.625214,88.442909,6.33,6.08,01:18.2,31:17.7
ATSAD-B0A732166910,0.9,FALSE,FALSE,FALSE,22.625187,88.442749,12.8,5.39,01:22.5,31:22.7
ATSAD-B0A732166910,0.92,FALSE,FALSE,FALSE,22.625107,88.442627,5,6.02,01:27.7,31:27.8
ATSAD-B0A732166910,0.97,FALSE,FALSE,FALSE,22.625055,88.442535,5.54,6.6,01:32.5,31:33.1
ATSAD-B0A732166910,0.98,FALSE,FALSE,FALSE,22.624996,88.442459,0.19,5.51,01:38.3,31:38.1
ATSAD-B0A732166910,0.99,FALSE,FALSE,FALSE,22.625004,88.442436,0.52,7.71,01:42.7,31:43.2
ATSAD-B0A732166910,1.01,FALSE,FALSE,FALSE,22.624994,88.442413,0.61,6.52,01:47.9,31:48.3
ATSAD-B0A732166910,0.99,FALSE,FALSE,FALSE,22.62496,88.442413,4.5,5.62,01:52.8,31:53.5
ATSAD-B0A732166910,1,FALSE,FALSE,FALSE,22.62488,88.442329,14.06,4.91,01:57.7,31:58.5
ATSAD-B0A732166910,0.99,FALSE,FALSE,FALSE,22.624735,88.442177,18.76,5.78,02:03.1,32:03.6
ATSAD-B0A732166910,1.01,FALSE,FALSE,FALSE,22.624529,88.441963,22.58,4.11,02:08.3,32:08.7
ATSAD-B0A732166910,1.04,FALSE,FALSE,FALSE,22.624323,88.44175,24.08,6.18,02:12.6,32:13.7
ATSAD-B0A732166910,0.99,FALSE,FALSE,FALSE,22.624111,88.441521,20.39,20.63,02:17.7,32:18.8
ATSAD-B0A732166910,0.97,FALSE,FALSE,FALSE,22.624079,88.441483,1.35,5.06,02:22.6,32:24.5
ATSAD-B0A732166910,0.95,FALSE,FALSE,FALSE,22.624083,88.441475,0.17,5.8,02:27.6,32:29.5
ATSAD-B0A732166910,0.94,FALSE,FALSE,FALSE,22.624081,88.441483,0.09,5.29,02:32.6,32:34.6
ATSAD-B0A732166910,0.96,FALSE,FALSE,FALSE,22.624077,88.441475,0.06,4.47,02:37.6,32:40.3
ATSAD-B0A732166910,1,FALSE,FALSE,FALSE,22.624073,88.441483,0.56,4.35,02:42.7,32:45.3
ATSAD-B0A732166910,1,FALSE,FALSE,FALSE,22.62409,88.441475,0.91,4.32,02:48.1,32:50.4
ATSAD-B0A732166910,0.97,FALSE,FALSE,FALSE,22.624094,88.441452,0.28,2.75,02:57.7,32:55.4
ATSAD-B0A732166910,0.97,FALSE,FALSE,FALSE,22.624092,88.441437,0.11,2.86,03:02.9,33:00.5
ATSAD-B0A732166910,0.97,FALSE,FALSE,FALSE,22.624092,88.441437,0.11,2.86,03:02.9,33:05.6
ATSAD-B0A732166910,0.97,FALSE,FALSE,FALSE,22.624092,88.441437,0.31,1.91,03:12.6,33:10.6
ATSAD-B0A732166910,0.97,FALSE,FALSE,FALSE,22.624098,88.441437,0.33,7.1,03:17.7,33:15.7
ATSAD-B0A732166910,1.06,FALSE,FALSE,FALSE,22.624092,88.441444,0.33,15.26,03:23.2,33:20.8
ATSAD-B0A732166910,0.96,FALSE,FALSE,FALSE,22.624088,88.44146,0.2,13.11,03:27.7,33:25.8
ATSAD-B0A732166910,0.94,FALSE,FALSE,FALSE,22.624088,88.44146,0.2,14.94,03:32.6,33:31.0
ATSAD-B0A732166910,0.99,FALSE,FALSE,FALSE,22.624086,88.441467,0.13,11.13,03:37.8,33:36.0
ATSAD-B0A732166910,0.96,FALSE,FALSE,FALSE,22.624081,88.441467,0.19,16.33,03:42.7,33:41.1
ATSAD-B0A732166910,0.96,FALSE,FALSE,FALSE,22.624079,88.441467,0.11,16.4,03:47.6,33:46.2
ATSAD-B0A732166910,0.97,FALSE,FALSE,FALSE,22.624075,88.441475,0.28,17.77,03:53.2,33:51.2
ATSAD-B0A732166910,0.96,FALSE,FALSE,FALSE,22.624071,88.441475,0.07,16.34,03:57.6,33:56.3
ATSAD-B0A732166910,0.97,FALSE,FALSE,FALSE,22.624069,88.441475,0.06,16.18,04:02.8,34:01.3
ATSAD-B0A732166910,0.97,FALSE,FALSE,FALSE,22.624067,88.441475,0.11,15.5,04:07.7,34:06.5
ATSAD-B0A732166910,0.94,FALSE,FALSE,FALSE,22.624062,88.441475,0.74,15.32,04:12.8,34:11.5
ATSAD-B0A732166910,0.95,FALSE,FALSE,FALSE,22.624063,88.441467,1.65,4.39,04:17.7,34:16.6
ATSAD-B0A732166910,0.91,FALSE,FALSE,FALSE,22.623945,88.441322,19.08,20.3,04:22.9,34:21.7
ATSAD-B0A732166910,1.07,FALSE,FALSE,FALSE,22.623804,88.441154,12.46,24.49,04:28.4,34:26.7
ATSAD-B0A732166910,1.17,FALSE,FALSE,FALSE,22.623753,88.440987,8.02,18.76,04:32.6,34:31.8
ATSAD-B0A732166910,0.96,FALSE,FALSE,FALSE,22.623869,88.440742,26.87,14.47,04:37.9,34:36.8
ATSAD-B0A732166910,0.91,FALSE,FALSE,FALSE,22.624065,88.440392,33.47,12.53,04:43.0,34:41.9
ATSAD-B0A732166910,0.98,FALSE,FALSE,FALSE,22.624294,88.439964,37.76,20.67,04:47.5,34:46.9
ATSAD-B0A732166910,0.9,FALSE,FALSE,FALSE,22.624506,88.439491,40.13,13.73,04:52.5,34:52.0
ATSAD-B0A732166910,1.11,FALSE,FALSE,FALSE,22.624735,88.438957,43.93,15.2,04:57.7,34:57.0
ATSAD-B0A732166910,1.05,FALSE,FALSE,FALSE,22.624968,88.438362,48.73,10.19,05:02.6,35:02.1
ATSAD-B0A732166910,1.01,FALSE,FALSE,FALSE,22.625214,88.437706,50.21,11.41,05:07.5,35:07.1
ATSAD-B0A732166910,0.99,FALSE,FALSE,FALSE,22.625433,88.437035,52.69,16.28,05:12.6,35:12.2
ATSAD-B0A732166910,0.93,FALSE,FALSE,FALSE,22.62566,88.436348,51.52,10.24,05:18.4,35:17.2
ATSAD-B0A732166910,0.92,FALSE,FALSE,FALSE,22.625875,88.435669,50.26,9.2,05:22.6,35:22.5
ATSAD-B0A732166910,0.95,FALSE,FALSE,FALSE,22.626055,88.435028,44.93,10.11,05:28.3,35:27.5
ATSAD-B0A732166910,1.1,FALSE,FALSE,FALSE,22.62624,88.434433,43.11,13.32,05:32.6,35:32.6
ATSAD-B0A732166910,0.95,FALSE,FALSE,FALSE,22.626415,88.433853,41.95,14.01,05:37.9,35:37.6
ATSAD-B0A732166910,0.86,FALSE,FALSE,FALSE,22.626768,88.433426,40.58,16.35,05:42.7,35:42.7
ATSAD-B0A732166910,0.98,FALSE,FALSE,FALSE,22.62727,88.433243,41.37,21.5,05:48.1,35:47.7
ATSAD-B0A732166910,0.85,FALSE,FALSE,FALSE,22.627796,88.433342,40.82,10.76,05:52.4,35:52.8
ATSAD-B0A732166910,0.94,FALSE,FALSE,FALSE,22.628239,88.433449,30.32,19.76,05:57.7,35:57.9
ATSAD-B0A732166910,1.06,FALSE,FALSE,FALSE,22.628603,88.433548,29.47,19.79,06:02.8,36:02.9
ATSAD-B0A732166910,0.92,FALSE,FALSE,FALSE,22.62895,88.433647,25.59,17.17,06:07.5,36:08.0
ATSAD-B0A732166910,0.83,FALSE,FALSE,FALSE,22.62925,88.433731,23.09,13.78,06:12.6,36:13.1
ATSAD-B0A732166910,0.96,FALSE,FALSE,FALSE,22.629505,88.433807,19.06,25.4,06:17.8,36:18.1
ATSAD-B0A732166910,0.96,FALSE,FALSE,FALSE,22.629671,88.433853,12.98,19.81,06:23.0,36:23.2
ATSAD-B0A732166910,1,FALSE,FALSE,FALSE,22.629858,88.433929,17.04,15.82,06:27.8,36:28.2
ATSAD-B0A732166910,0.93,FALSE,FALSE,FALSE,22.630058,88.434029,15.11,18.83,06:32.9,36:33.3
ATSAD-B0A732166910,1,FALSE,FALSE,FALSE,22.630196,88.43409,2.63,13.87,06:37.8,36:38.4
ATSAD-B0A732166910,0.9,FALSE,FALSE,FALSE,22.630379,88.434113,19.21,22.7,06:42.7,36:43.4
ATSAD-B0A732166910,1.1,FALSE,FALSE,FALSE,22.630692,88.434166,24.13,18.22,06:47.6,36:48.5
ATSAD-B0A732166910,1.05,FALSE,FALSE,FALSE,22.631058,88.434212,29.95,23.9,06:52.8,36:53.5
ATSAD-B0A732166910,0.88,FALSE,FALSE,FALSE,22.631546,88.434425,23.65,20.3,06:58.2,36:58.6
ATSAD-B0A732166910,1.05,FALSE,FALSE,FALSE,22.631878,88.434509,26.91,12.53,07:02.8,37:03.6
ATSAD-B0A732166910,1.12,FALSE,FALSE,FALSE,22.632246,88.434586,28.02,14.38,07:07.5,37:08.7
ATSAD-B0A732166910,0.93,FALSE,FALSE,FALSE,22.632618,88.434654,31.06,14.76,07:12.9,37:13.7
ATSAD-B0A732166910,0.92,FALSE,FALSE,FALSE,22.632969,88.434692,22.54,18.03,07:18.2,37:18.8
ATSAD-B0A732166910,0.98,FALSE,FALSE,FALSE,22.63307,88.434761,2.63,11.25,07:23.1,37:23.8
ATSAD-B0A732166910,0.97,FALSE,FALSE,FALSE,22.633108,88.434761,0.39,7.66,07:28.3,37:28.9
ATSAD-B0A732166910,0.98,FALSE,FALSE,FALSE,22.633148,88.434769,0.5,6.55,07:32.7,37:33.9
ATSAD-B0A732166910,0.96,FALSE,FALSE,FALSE,22.63323,88.434769,11.26,5.96,07:37.8,37:39.0
ATSAD-B0A732166910,0.93,FALSE,FALSE,FALSE,22.633396,88.434746,13.45,9.84,07:42.5,37:44.0
ATSAD-B0A732166910,0.98,FALSE,FALSE,FALSE,22.633562,88.434731,10.69,9.75,07:47.5,37:49.1
ATSAD-B0A732166910,1.02,FALSE,FALSE,FALSE,22.633633,88.434723,3.87,7.25,07:53.3,37:54.2
ATSAD-B0A732166910,0.99,FALSE,FALSE,FALSE,22.633718,88.434723,7.02,8.17,07:57.7,37:59.2
ATSAD-B0A732166910,0.87,FALSE,FALSE,FALSE,22.633869,88.434715,9.91,1.67,08:02.9,38:04.3
ATSAD-B0A732166910,0.83,FALSE,FALSE,FALSE,22.634119,88.434654,24.11,14.87,08:07.7,38:09.3
ATSAD-B0A732166910,0.83,FALSE,FALSE,FALSE,22.634417,88.434547,25.19,7.99,08:12.9,38:14.5
ATSAD-B0A732166910,0.88,FALSE,FALSE,FALSE,22.634779,88.434517,25.32,5.06,08:17.8,38:19.6
ATSAD-B0A732166910,1.03,FALSE,FALSE,FALSE,22.635107,88.434525,21.69,11.49,08:22.7,38:24.7
ATSAD-B0A732166910,0.92,FALSE,FALSE,FALSE,22.635504,88.434433,24.76,10.3,08:27.6,38:29.8
ATSAD-B0A732166910,0.89,FALSE,FALSE,FALSE,22.635841,88.434341,25.28,9.86,08:32.9,38:34.9
ATSAD-B0A732166910,0.89,FALSE,FALSE,FALSE,22.63624,88.434196,27.02,10.02,08:37.8,38:39.9
ATSAD-B0A732166910,1.01,FALSE,FALSE,FALSE,22.636669,88.434105,33.65,10.42,08:43.1,38:45.0
ATSAD-B0A732166910,0.87,FALSE,FALSE,FALSE,22.637146,88.434006,36.1,4.36,08:48.0,38:50.1
ATSAD-B0A732166910,0.93,FALSE,FALSE,FALSE,22.6376,88.433907,33.58,9.5,08:52.8,38:55.1
ATSAD-B0A732166910,0.96,FALSE,FALSE,FALSE,22.638035,88.433807,34.08,5.37,08:58.0,39:00.2
ATSAD-B0A732166910,0.93,FALSE,FALSE,FALSE,22.638458,88.433716,33.71,8.77,09:03.3,39:05.3
ATSAD-B0A732166910,0.97,FALSE,FALSE,FALSE,22.639385,88.433441,41.21,9.79,09:12.6,39:10.4
ATSAD-B0A732166910,0.83,FALSE,FALSE,FALSE,22.639866,88.433167,41.87,13.72,09:17.7,39:15.4
ATSAD-B0A732166910,0.94,FALSE,FALSE,FALSE,22.640257,88.432884,35.48,11.45,09:22.7,39:20.5
ATSAD-B0A732166910,0.89,FALSE,FALSE,FALSE,22.640495,88.432686,16.69,11.93,09:27.8,39:25.6
ATSAD-B0A732166910,0.88,FALSE,FALSE,FALSE,22.640575,88.432556,10.83,13.23,09:32.7,39:30.7
ATSAD-B0A732166910,0.98,FALSE,FALSE,FALSE,22.64064,88.432426,12.02,7.85,09:38.1,39:35.7
ATSAD-B0A732166910,1.03,FALSE,FALSE,FALSE,22.640743,88.432281,12.7,16.39,09:42.7,39:40.8
ATSAD-B0A732166910,0.95,FALSE,FALSE,FALSE,22.640955,88.432343,22.93,11.43,09:48.0,39:45.8
ATSAD-B0A732166910,0.96,FALSE,FALSE,FALSE,22.641247,88.432533,27.41,4.21,09:52.6,39:50.9
ATSAD-B0A732166910,0.85,FALSE,FALSE,FALSE,22.641607,88.432755,32.35,10.06,09:57.7,39:56.0
ATSAD-B0A732166910,0.93,FALSE,FALSE,FALSE,22.641964,88.432983,31.74,10.88,10:02.8,40:01.0
ATSAD-B0A732166910,1.12,FALSE,FALSE,FALSE,22.642376,88.433159,33.89,20.16,10:07.7,40:06.1
ATSAD-B0A732166910,0.94,FALSE,FALSE,FALSE,22.642717,88.433273,22.37,21.61,10:12.8,40:11.3
ATSAD-B0A732166910,1.02,FALSE,FALSE,FALSE,22.642918,88.433296,10.33,17.8,10:17.8,40:16.3
ATSAD-B0A732166910,1.02,FALSE,FALSE,FALSE,22.643085,88.433327,16.74,5.43,10:22.7,40:21.4
ATSAD-B0A732166910,1.02,FALSE,FALSE,FALSE,22.643341,88.43335,15.58,9.41,10:27.6,40:26.7
ATSAD-B0A732166910,1.09,FALSE,FALSE,FALSE,22.643545,88.433372,17.19,14.65,10:32.7,40:31.7
ATSAD-B0A732166910,0.92,FALSE,FALSE,FALSE,22.643747,88.433388,13.74,21.93,10:38.4,40:36.8
ATSAD-B0A732166910,0.93,FALSE,FALSE,FALSE,22.643911,88.433449,14.04,22.21,10:42.5,40:41.8
ATSAD-B0A732166910,0.96,FALSE,FALSE,FALSE,22.644024,88.433464,0.41,11.81,10:47.5,40:46.9
ATSAD-B0A732166910,0.99,FALSE,FALSE,FALSE,22.644054,88.433456,1.81,6.48,10:53.3,40:51.9
ATSAD-B0A732166910,0.95,FALSE,FALSE,FALSE,22.644182,88.433487,14.87,12.24,10:58.2,40:57.0
ATSAD-B0A732166910,1.04,FALSE,FALSE,FALSE,22.644398,88.433556,20.54,11.57,11:02.8,41:02.0
ATSAD-B0A732166910,0.99,FALSE,FALSE,FALSE,22.644579,88.433632,11.35,9.75,11:07.7,41:07.1
ATSAD-B0A732166910,1.01,FALSE,FALSE,FALSE,22.644815,88.433746,20.58,9.15,11:12.6,41:12.1
ATSAD-B0A732166910,0.79,FALSE,FALSE,FALSE,22.64509,88.433907,23.32,19.01,11:17.7,41:17.2
ATSAD-B0A732166910,0.99,FALSE,FALSE,FALSE,22.645439,88.434036,28.93,11.4,11:23.2,41:22.2
ATSAD-B0A732166910,1,FALSE,FALSE,FALSE,22.64575,88.434181,21.63,9.52,11:27.8,41:27.6
ATSAD-B0A732166910,1.06,FALSE,FALSE,FALSE,22.645943,88.434288,14.24,4.41,11:32.7,41:32.7
ATSAD-B0A732166910,1.15,FALSE,FALSE,FALSE,22.646189,88.434486,24.85,19.41,11:37.8,41:37.7
ATSAD-B0A732166910,1,FALSE,FALSE,FALSE,22.646568,88.434807,36.1,7.81,11:42.5,41:42.8
ATSAD-B0A732166910,1.25,FALSE,FALSE,FALSE,22.646893,88.43515,44.08,11.43,11:47.7,41:47.9
ATSAD-B0A732166910,0.91,FALSE,FALSE,FALSE,22.647339,88.435524,36.28,2.75,11:52.8,41:52.9
ATSAD-B0A732166910,1.08,FALSE,FALSE,FALSE,22.647654,88.435783,18.3,19.92,11:57.9,41:58.0
ATSAD-B0A732166910,0.97,FALSE,FALSE,FALSE,22.647758,88.435844,0.22,8.61,12:02.8,42:03.0
ATSAD-B0A732166910,0.98,FALSE,FALSE,FALSE,22.647778,88.43586,0.59,8.67,12:07.7,42:08.1
ATSAD-B0A732166910,0.96,FALSE,FALSE,FALSE,22.647793,88.43586,0.35,11.67,12:12.7,42:13.2
ATSAD-B0A732166910,0.98,FALSE,FALSE,FALSE,22.647806,88.435875,0.11,11.25,12:18.0,42:18.3
ATSAD-B0A732166910,0.95,FALSE,FALSE,FALSE,22.647818,88.435875,0.43,11.66,12:22.7,42:23.4
ATSAD-B0A732166910,1.11,FALSE,FALSE,FALSE,22.647825,88.435875,0.15,14.44,12:27.8,42:28.4
ATSAD-B0A732166910,1.04,FALSE,FALSE,FALSE,22.647835,88.435875,0.06,13.87,12:32.7,42:33.5
ATSAD-B0A732166910,1.18,FALSE,FALSE,FALSE,22.647844,88.435875,0.24,15.15,12:37.8,42:38.5
ATSAD-B0A732166910,1.36,FALSE,FALSE,FALSE,22.647848,88.435875,0.43,25.98,12:42.7,42:43.6
ATSAD-B0A732166910,0.97,FALSE,FALSE,FALSE,22.647848,88.435875,0.37,12.34,12:47.7,42:48.8
ATSAD-B0A732166910,1.03,FALSE,FALSE,FALSE,22.647854,88.435875,0.72,12.6,12:52.8,42:53.9
ATSAD-B0A732166910,0.96,FALSE,FALSE,FALSE,22.647974,88.435905,14.43,9.75,12:58.1,42:58.9
ATSAD-B0A732166910,1.14,FALSE,FALSE,FALSE,22.648149,88.435905,14.65,21.39,13:02.8,43:04.0
ATSAD-B0A732166910,1.15,FALSE,FALSE,FALSE,22.648256,88.435913,8.2,7.06,13:07.7,43:09.0
ATSAD-B0A732166910,0.93,FALSE,FALSE,FALSE,22.648447,88.435905,19.3,20.84,13:12.6,43:14.1
ATSAD-B0A732166910,1.01,FALSE,FALSE,FALSE,22.648727,88.436035,30.26,11.65,13:18.3,43:19.1
ATSAD-B0A732166910,1.22,FALSE,FALSE,FALSE,22.649111,88.436287,39.43,8.27,13:22.7,43:24.2
ATSAD-B0A732166910,1.04,FALSE,FALSE,FALSE,22.649616,88.436516,42.93,27.11,13:27.8,43:29.2
ATSAD-B0A732166910,0.89,FALSE,FALSE,FALSE,22.650082,88.436768,38.8,13.53,13:32.7,43:34.3
ATSAD-B0A732166910,0.92,FALSE,FALSE,FALSE,22.650553,88.436981,37.84,11.62,13:37.8,43:39.4
ATSAD-B0A732166910,1.73,FALSE,FALSE,FALSE,22.650871,88.437225,31.48,21.75,13:43.3,43:44.4
ATSAD-B0A732166910,0.93,FALSE,FALSE,FALSE,22.651255,88.437424,34.47,9.1,13:47.9,43:49.5
ATSAD-B0A732166910,0.87,FALSE,FALSE,FALSE,22.651703,88.437653,39.04,12.96,13:52.8,43:54.5
ATSAD-B0A732166910,1.01,FALSE,FALSE,FALSE,22.652056,88.437866,23.46,23.16,13:57.7,43:59.6
ATSAD-B0A732166910,0.96,FALSE,FALSE,FALSE,22.652142,88.437897,0.15,10.13,14:02.6,44:04.6
ATSAD-B0A732166910,0.96,FALSE,FALSE,FALSE,22.652159,88.437881,0.07,11.27,14:07.7,44:09.7
ATSAD-B0A732166910,0.96,FALSE,FALSE,FALSE,22.652174,88.437874,0.24,11.46,14:13.0,44:14.7
ATSAD-B0A732166910,0.93,FALSE,FALSE,FALSE,22.652178,88.437881,0.07,10.49,14:22.7,44:20.2
ATSAD-B0A732166910,0.93,FALSE,FALSE,FALSE,22.652178,88.437881,0.07,10.49,14:22.7,44:25.3
ATSAD-B0A732166910,0.76,FALSE,FALSE,FALSE,22.652206,88.437912,8.67,17.58,14:32.7,44:30.4
ATSAD-B0A732166910,0.99,FALSE,FALSE,FALSE,22.652376,88.438072,19.85,9.19,14:37.9,44:35.4
ATSAD-B0A732166910,0.99,FALSE,FALSE,FALSE,22.652376,88.438072,19.85,9.19,14:37.9,44:40.5
ATSAD-B0A732166910,0.87,FALSE,FALSE,FALSE,22.652967,88.438507,33.71,10.8,14:48.0,44:45.5
ATSAD-B0A732166910,0.99,FALSE,FALSE,FALSE,22.653349,88.438759,37.56,11.09,14:52.8,44:50.6
ATSAD-B0A732166910,0.99,FALSE,FALSE,FALSE,22.653349,88.438759,37.56,11.09,14:52.8,44:55.7
ATSAD-B0A732166910,1.02,FALSE,FALSE,FALSE,22.65428,88.439247,42.97,12.24,15:02.6,45:00.8
ATSAD-B0A732166910,1.02,FALSE,FALSE,FALSE,22.654787,88.439484,44.65,11.87,15:07.7,45:05.9
ATSAD-B0A732166910,1.13,FALSE,FALSE,FALSE,22.655254,88.439713,36.37,13.94,15:12.9,45:10.9
ATSAD-B0A732166910,0.96,FALSE,FALSE,FALSE,22.655643,88.439926,34.56,13.88,15:18.1,45:16.0
ATSAD-B0A732166910,1.02,FALSE,FALSE,FALSE,22.656057,88.440178,39.24,12.65,15:23.1,45:21.1
ATSAD-B0A732166910,0.97,FALSE,FALSE,FALSE,22.656538,88.440437,41.61,13.59,15:27.8,45:26.1
ATSAD-B0A732166910,0.7,FALSE,FALSE,FALSE,22.656996,88.440636,34.08,22.43,15:32.8,45:31.4
ATSAD-B0A732166910,1.04,FALSE,FALSE,FALSE,22.657406,88.440796,35.28,37.95,15:38.4,45:36.4
ATSAD-B0A732166910,0.98,FALSE,FALSE,FALSE,22.657841,88.440979,37.69,14.02,15:43.0,45:41.5
ATSAD-B0A732166910,0.96,FALSE,FALSE,FALSE,22.658298,88.441162,38.28,13.43,15:47.9,45:46.5
ATSAD-B0A732166910,1.41,FALSE,FALSE,FALSE,22.658735,88.441299,31.82,15.84,15:53.4,45:51.6
ATSAD-B0A732166910,0.93,FALSE,FALSE,FALSE,22.65901,88.441391,18.52,19.04,15:57.7,45:56.6
ATSAD-B0A732166910,0.96,FALSE,FALSE,FALSE,22.659166,88.441452,6.52,18.65,16:02.8,46:01.7
ATSAD-B0A732166910,0.94,FALSE,FALSE,FALSE,22.659212,88.441452,5.3,15.02,16:07.6,46:06.7
ATSAD-B0A732166910,0.99,FALSE,FALSE,FALSE,22.659304,88.441483,5.96,14.64,16:13.4,46:11.8
ATSAD-B0A732166910,0.96,FALSE,FALSE,FALSE,22.659365,88.441505,5.11,9.59,16:17.8,46:16.8
ATSAD-B0A732166910,0.96,FALSE,FALSE,FALSE,22.659473,88.441536,15.28,10.85,16:22.9,46:21.9
ATSAD-B0A732166910,0.99,FALSE,FALSE,FALSE,22.659693,88.44162,21.87,5.73,16:28.3,46:27.0
ATSAD-B0A732166910,0.92,FALSE,FALSE,FALSE,22.660011,88.44175,28.71,8.67,16:32.7,46:32.0
ATSAD-B0A732166910,1.28,FALSE,FALSE,FALSE,22.660393,88.44191,36.08,6.69,16:38.0,46:37.1
ATSAD-B0A732166910,0.95,FALSE,FALSE,FALSE,22.660833,88.44207,37.04,7.79,16:42.8,46:42.1
ATSAD-B0A732166910,0.99,FALSE,FALSE,FALSE,22.661282,88.442215,38.5,10.07,16:47.7,46:47.2
ATSAD-B0A732166910,0.97,FALSE,FALSE,FALSE,22.66176,88.442421,42.23,5.41,16:53.3,46:52.3
ATSAD-B0A732166910,0.92,FALSE,FALSE,FALSE,22.662201,88.442741,41.98,9.27,16:57.8,46:57.3
ATSAD-B0A732166910,0.95,FALSE,FALSE,FALSE,22.662642,88.443054,42.04,10.41,17:02.8,47:02.4
ATSAD-B0A732166910,1.01,FALSE,FALSE,FALSE,22.663126,88.443321,44.97,11.78,17:07.7,47:07.4
ATSAD-B0A732166910,0.96,FALSE,FALSE,FALSE,22.663633,88.443596,46.37,10.5,17:12.8,47:12.5
ATSAD-B0A732166910,1,FALSE,FALSE,FALSE,22.664194,88.443863,49.78,12.27,17:17.6,47:17.5
ATSAD-B0A732166910,1.44,FALSE,FALSE,FALSE,22.664759,88.444122,47.36,10.92,17:23.4,47:22.7
ATSAD-B0A732166910,0.96,FALSE,FALSE,FALSE,22.665325,88.444351,48.13,11.82,17:27.6,47:27.8
ATSAD-B0A732166910,0.94,FALSE,FALSE,FALSE,22.665918,88.444504,49.89,13.16,17:32.7,47:32.9
ATSAD-B0A732166910,1,FALSE,FALSE,FALSE,22.666538,88.444618,49.73,12.32,17:37.6,47:38.0
ATSAD-B0A732166910,0.99,FALSE,FALSE,FALSE,22.66715,88.444717,48.1,9.42,17:43.3,47:43.0
ATSAD-B0A732166910,0.97,FALSE,FALSE,FALSE,22.667648,88.444809,32.3,12.56,17:47.9,47:48.1
ATSAD-B0A732166910,0.93,FALSE,FALSE,FALSE,22.667908,88.444862,12.72,16.49,17:52.8,47:53.5
ATSAD-B0A732166910,0.84,FALSE,FALSE,FALSE,22.667971,88.44487,0.13,9.54,17:57.8,47:58.6
ATSAD-B0A732166910,0.97,FALSE,FALSE,FALSE,22.667974,88.44487,0.2,11.72,18:02.9,48:03.7
ATSAD-B0A732166910,1.04,FALSE,FALSE,FALSE,22.667978,88.44487,0.04,16.49,18:07.8,48:08.7
ATSAD-B0A732166910,0.97,FALSE,FALSE,FALSE,22.667984,88.44487,0.04,16.44,18:12.8,48:13.9
ATSAD-B0A732166910,0.71,FALSE,FALSE,FALSE,22.667984,88.44487,0.19,13.24,18:17.9,48:19.0
ATSAD-B0A732166910,0.98,FALSE,FALSE,FALSE,22.667986,88.44487,0.28,17.87,18:23.1,48:24.0
ATSAD-B0A732166910,0.95,FALSE,FALSE,FALSE,22.667999,88.44487,1.76,18.04,18:27.9,48:29.1
ATSAD-B0A732166910,1.01,FALSE,FALSE,FALSE,22.668001,88.44487,0.09,17.07,18:32.8,48:34.1
ATSAD-B0A732166910,0.97,FALSE,FALSE,FALSE,22.668003,88.44487,0.31,14.4,18:37.9,48:39.2
ATSAD-B0A732166910,0.98,FALSE,FALSE,FALSE,22.668024,88.444862,5.09,5.49,18:42.8,48:44.3
ATSAD-B0A732166910,0.97,FALSE,FALSE,FALSE,22.668198,88.444893,19.41,18.72,18:48.2,48:49.3
ATSAD-B0A732166910,1,FALSE,FALSE,FALSE,22.66848,88.444931,22.78,20.92,18:52.8,48:54.4
ATSAD-B0A732166910,0.82,FALSE,FALSE,FALSE,22.668653,88.444931,14.35,5.27,18:57.8,48:59.4
ATSAD-B0A732166910,0.95,FALSE,FALSE,FALSE,22.668943,88.444923,31.26,18.04,19:02.9,49:04.5
ATSAD-B0A732166910,0.93,FALSE,FALSE,FALSE,22.669365,88.444954,38.37,11.2,19:08.2,49:09.5
ATSAD-B0A732166910,0.86,FALSE,FALSE,FALSE,22.669914,88.445007,47.04,13.15,19:13.0,49:14.6
ATSAD-B0A732166910,0.87,FALSE,FALSE,FALSE,22.670536,88.445091,49.95,10.97,19:18.1,49:19.7
ATSAD-B0A732166910,1.04,FALSE,FALSE,FALSE,22.671186,88.445152,51.15,16.07,19:23.0,49:24.7
ATSAD-B0A732166910,0.91,FALSE,FALSE,FALSE,22.671808,88.445236,47.32,15.74,19:27.8,49:29.8
ATSAD-B0A732166910,0.99,FALSE,FALSE,FALSE,22.672358,88.445312,39,22.4,19:33.0,49:34.8
ATSAD-B0A732166910,0.97,FALSE,FALSE,FALSE,22.672758,88.445381,31.21,19.13,19:37.9,49:39.9
ATSAD-B0A732166910,0.98,FALSE,FALSE,FALSE,22.673113,88.445442,28.67,18.84,19:43.5,49:44.9
ATSAD-B0A732166910,1.01,FALSE,FALSE,FALSE,22.673477,88.445457,33.32,18.21,19:47.7,49:50.0
ATSAD-B0A732166910,0.96,FALSE,FALSE,FALSE,22.673794,88.445473,22.69,12.2,19:53.3,49:55.0
ATSAD-B0A732166910,0.86,FALSE,FALSE,FALSE,22.674147,88.445488,31.74,8.77,19:58.0,50:00.1
ATSAD-B0A732166910,0.97,FALSE,FALSE,FALSE,22.675123,88.445564,43.93,17.04,20:07.6,50:05.1
ATSAD-B0A732166910,0.97,FALSE,FALSE,FALSE,22.675123,88.445564,43.93,17.04,20:07.6,50:10.2
ATSAD-B0A732166910,0.97,FALSE,FALSE,FALSE,22.675674,88.445656,43.63,15.13,20:13.0,50:15.3
ATSAD-B0A732166910,1.01,FALSE,FALSE,FALSE,22.676214,88.445847,47.24,14.76,20:19.9,50:20.3
ATSAD-B0A732166910,0.65,FALSE,FALSE,FALSE,22.676325,88.445892,47.69,11.12,20:22.9,50:25.4
ATSAD-B0A732166910,0.89,FALSE,FALSE,FALSE,22.677652,88.446716,37.28,16.37,20:32.7,50:30.5
ATSAD-B0A732166910,0.97,FALSE,FALSE,FALSE,22.677946,88.446968,21.48,19.78,20:37.7,50:35.5
ATSAD-B0A732166910,0.93,FALSE,FALSE,FALSE,22.678085,88.447136,11.17,20.52,20:42.9,50:40.6
ATSAD-B0A732166910,0.98,FALSE,FALSE,FALSE,22.678122,88.447182,0.17,14.79,20:47.9,50:45.6
ATSAD-B0A732166910,0.98,FALSE,FALSE,FALSE,22.678125,88.447189,0.07,16.92,20:52.6,50:50.7
ATSAD-B0A732166910,0.97,FALSE,FALSE,FALSE,22.678127,88.447189,0.61,14.86,20:57.9,50:55.7
ATSAD-B0A732166910,0.97,FALSE,FALSE,FALSE,22.678162,88.447235,6.89,17.28,21:02.9,51:00.8
ATSAD-B0A732166910,0.95,FALSE,FALSE,FALSE,22.678217,88.447311,10.65,16.52,21:07.7,51:05.8
ATSAD-B0A732166910,1.04,FALSE,FALSE,FALSE,22.678343,88.447472,22.15,5.04,21:13.0,51:10.9
ATSAD-B0A732166910,0.93,FALSE,FALSE,FALSE,22.678579,88.447746,36.6,18.17,21:17.8,51:15.9
ATSAD-B0A732166910,0.9,FALSE,FALSE,FALSE,22.678871,88.448204,44.8,11.33,21:22.9,51:21.0
ATSAD-B0A732166910,0.99,FALSE,FALSE,FALSE,22.679161,88.448807,52.02,13.24,21:28.3,51:26.0
ATSAD-B0A732166910,0.93,FALSE,FALSE,FALSE,22.679459,88.449486,57.32,18.05,21:33.1,51:31.1
ATSAD-B0A732166910,0.93,FALSE,FALSE,FALSE,22.679707,88.450218,59.06,18.61,21:37.9,51:36.2
ATSAD-B0A732166910,0.93,FALSE,FALSE,FALSE,22.679815,88.450989,54.58,20.72,21:42.8,51:41.3
ATSAD-B0A732166910,1.03,FALSE,FALSE,FALSE,22.679884,88.45163,40.15,29.33,21:47.9,51:46.3
ATSAD-B0A732166910,0.99,FALSE,FALSE,FALSE,22.679911,88.451912,6.2,5.19,21:53.3,51:51.5
ATSAD-B0A732166910,0.98,FALSE,FALSE,FALSE,22.679914,88.45192,0.07,7.33,21:57.8,51:56.6
ATSAD-B0A732166910,0.98,FALSE,FALSE,FALSE,22.679918,88.45192,0.04,2.43,22:02.9,52:01.6
ATSAD-B0A732166910,1.01,FALSE,FALSE,FALSE,22.679926,88.451965,6.24,3.13,22:07.8,52:06.7
ATSAD-B0A732166910,0.94,FALSE,FALSE,FALSE,22.679939,88.452148,15.83,2.36,22:12.9,52:11.7
ATSAD-B0A732166910,0.96,FALSE,FALSE,FALSE,22.679966,88.452454,29.61,6.38,22:17.7,52:16.8
ATSAD-B0A732166910,1.03,FALSE,FALSE,FALSE,22.680012,88.452843,28.08,11.18,22:22.9,52:21.8
ATSAD-B0A732166910,0.91,FALSE,FALSE,FALSE,22.680054,88.453255,32.34,6.04,22:28.3,52:26.9
ATSAD-B0A732166910,1,FALSE,FALSE,FALSE,22.680115,88.453743,38.67,8.59,22:32.8,52:32.0
ATSAD-B0A732166910,0.71,FALSE,FALSE,FALSE,22.680166,88.4543,44.19,20.27,22:38.4,52:37.0
ATSAD-B0A732166910,1.02,FALSE,FALSE,FALSE,22.680229,88.454887,44.39,17.68,22:42.6,52:42.1
ATSAD-B0A732166910,1.03,FALSE,FALSE,FALSE,22.680317,88.455505,47.47,14.2,22:48.0,52:47.2
ATSAD-B0A732166910,0.94,FALSE,FALSE,FALSE,22.680399,88.456169,48.5,19.14,22:52.8,52:52.2
ATSAD-B0A732166910,1.03,FALSE,FALSE,FALSE,22.680464,88.456825,48.99,19.56,22:57.8,52:57.4
ATSAD-B0A732166910,0.89,FALSE,FALSE,FALSE,22.680527,88.457458,45.54,17.13,23:03.2,53:02.4
ATSAD-B0A732166910,1.03,FALSE,FALSE,FALSE,22.680599,88.458046,44.04,18.02,23:07.8,53:07.5
ATSAD-B0A732166910,0.92,FALSE,FALSE,FALSE,22.680689,88.458641,45.11,18.14,23:12.9,53:12.6
ATSAD-B0A732166910,0.97,FALSE,FALSE,FALSE,22.680775,88.459229,40.76,16.52,23:17.8,53:17.7
ATSAD-B0A732166910,1.08,FALSE,FALSE,FALSE,22.680859,88.459724,28.95,14.99,23:23.0,53:22.8
ATSAD-B0A732166910,0.93,FALSE,FALSE,FALSE,22.680952,88.46006,27.71,11.9,23:27.7,53:27.8
ATSAD-B0A732166910,0.93,FALSE,FALSE,FALSE,22.681135,88.460533,39.73,22.49,23:32.8,53:32.9
ATSAD-B0A732166910,1.03,FALSE,FALSE,FALSE,22.681355,88.460915,25.84,12.14,23:38.4,53:37.9
ATSAD-B0A732166910,0.92,FALSE,FALSE,FALSE,22.68149,88.461174,15.96,7.98,23:42.8,53:43.1
ATSAD-B0A732166910,0.99,FALSE,FALSE,FALSE,22.681686,88.461388,25.41,13.08,23:47.9,53:48.1
ATSAD-B0A732166910,1.03,FALSE,FALSE,FALSE,22.681904,88.461594,17.37,15.35,23:52.5,53:53.2
ATSAD-B0A732166910,1.02,FALSE,FALSE,FALSE,22.682018,88.461769,15.76,12.94,23:57.8,53:58.2
ATSAD-B0A732166910,1.06,FALSE,FALSE,FALSE,22.682184,88.461929,22.84,6.5,24:02.9,54:03.3
ATSAD-B0A732166910,0.92,FALSE,FALSE,FALSE,22.682499,88.462166,29.84,8.32,24:07.8,54:08.3
ATSAD-B0A732166910,0.96,FALSE,FALSE,FALSE,22.682884,88.462402,35.95,8.67,24:13.2,54:13.4
ATSAD-B0A732166910,1,FALSE,FALSE,FALSE,22.683285,88.462563,28.08,15.89,24:17.8,54:18.6
ATSAD-B0A732166910,0.97,FALSE,FALSE,FALSE,22.683554,88.462692,23.63,9.38,24:22.9,54:23.7
ATSAD-B0A732166910,0.96,FALSE,FALSE,FALSE,22.683897,88.46283,32.39,9.3,24:27.9,54:28.7
ATSAD-B0A732166910,0.93,FALSE,FALSE,FALSE,22.684341,88.462959,39.02,12.73,24:32.7,54:33.8
ATSAD-B0A732166910,0.93,FALSE,FALSE,FALSE,22.684784,88.46312,35.21,14.93,24:37.9,54:38.8
ATSAD-B0A732166910,1.13,FALSE,FALSE,FALSE,22.685152,88.463242,22.54,17.07,24:43.4,54:43.9
ATSAD-B0A732166910,1.05,FALSE,FALSE,FALSE,22.685392,88.463295,22.09,7.62,24:48.0,54:49.2
ATSAD-B0A732166910,0.82,FALSE,FALSE,FALSE,22.685707,88.463409,27.08,14.07,24:52.8,54:54.2
ATSAD-B0A732166910,0.93,FALSE,FALSE,FALSE,22.686056,88.463516,28.56,8.5,24:58.0,54:59.3
ATSAD-B0A732166910,0.83,FALSE,FALSE,FALSE,22.686441,88.4636,29.48,5.14,25:02.8,55:04.3
ATSAD-B0A732166910,1.07,FALSE,FALSE,FALSE,22.686831,88.463715,32.85,10.3,25:08.3,55:09.4
ATSAD-B0A732166910,1.03,FALSE,FALSE,FALSE,22.687263,88.463837,35.52,14.64,25:15.8,55:14.4
ATSAD-B0A732166910,0.83,FALSE,FALSE,FALSE,22.687357,88.46386,36.43,10.93,25:18.5,55:19.5
ATSAD-B0A732166910,1,FALSE,FALSE,FALSE,22.688261,88.464081,37.3,15.78,25:23.6,55:24.5
ATSAD-B0A732166910,1.05,FALSE,FALSE,FALSE,22.688738,88.464211,39.76,16.93,25:29.0,55:29.6
ATSAD-B0A732166910,0.98,FALSE,FALSE,FALSE,22.689234,88.464317,40.1,13.81,25:33.4,55:34.6
ATSAD-B0A732166910,0.98,FALSE,FALSE,FALSE,22.689732,88.464439,40.41,14.78,25:38.5,55:39.7
ATSAD-B0A732166910,1.04,FALSE,FALSE,FALSE,22.690258,88.464531,43.04,14.19,25:43.5,55:44.7
ATSAD-B0A732166910,1.01,FALSE,FALSE,FALSE,22.690775,88.464699,42.95,17.65,25:48.6,55:49.8
ATSAD-B0A732166910,0.87,FALSE,FALSE,FALSE,22.691204,88.464836,31.04,48.25,25:53.9,55:54.8
ATSAD-B0A732166910,0.94,FALSE,FALSE,FALSE,22.69158,88.464973,29.43,15.77,25:58.7,55:59.9
ATSAD-B0A732166910,0.51,FALSE,FALSE,FALSE,22.691923,88.465103,25.28,18.47,26:04.1,56:05.0
ATSAD-B0A732166910,1.03,FALSE,FALSE,FALSE,22.692154,88.465195,13.17,22.57,26:08.6,56:10.1
ATSAD-B0A732166910,0.97,FALSE,FALSE,FALSE,22.692217,88.465233,0.46,3,26:13.6,56:15.1
ATSAD-B0A732166910,0.97,FALSE,FALSE,FALSE,22.692213,88.46524,0.56,3.32,26:18.5,56:20.2
ATSAD-B0A732166910,1.01,FALSE,FALSE,FALSE,22.692215,88.46524,0.61,4.01,26:23.6,56:25.2
ATSAD-B0A732166910,0.95,FALSE,FALSE,FALSE,22.692215,88.46524,0.13,1.91,26:29.2,56:30.3
ATSAD-B0A732166910,0.97,FALSE,FALSE,FALSE,22.692274,88.465309,14.59,2.93,26:33.6,56:35.3
ATSAD-B0A732166910,0.98,FALSE,FALSE,FALSE,22.692385,88.465431,9.74,11.02,26:38.6,56:40.4
ATSAD-B0A732166910,0.96,FALSE,FALSE,FALSE,22.69232,88.465652,17.67,5.95,26:43.7,56:45.4
ATSAD-B0A732166910,0.83,FALSE,FALSE,FALSE,22.692308,88.465904,19.96,10.93,26:48.6,56:50.5
ATSAD-B0A732166910,0.97,FALSE,FALSE,FALSE,22.692247,88.466156,11.48,7.57,26:53.7,56:55.6
ATSAD-B0A732166910,1.3,FALSE,FALSE,FALSE,22.692167,88.466469,25.63,11.8,26:58.6,57:00.7
ATSAD-B0A732166910,0.99,FALSE,FALSE,FALSE,22.692102,88.466797,21.89,5.65,27:03.9,57:05.7
ATSAD-B0A732166910,0.91,FALSE,FALSE,FALSE,22.692032,88.467133,24.85,13.04,27:08.9,57:10.9
ATSAD-B0A732166910,0.66,FALSE,FALSE,FALSE,22.691992,88.467453,23.87,7.32,27:13.6,57:15.9
ATSAD-B0A732166910,0.95,FALSE,FALSE,FALSE,22.691914,88.46785,25.08,12.74,27:18.7,57:21.0
ATSAD-B0A732166910,0.86,FALSE,FALSE,FALSE,22.691864,88.46817,16.85,10.1,27:23.6,57:26.1
ATSAD-B0A732166910,1.08,FALSE,FALSE,FALSE,22.691816,88.46859,15.83,11.56,27:33.6,57:31.2
ATSAD-B0A732166910,0.97,FALSE,FALSE,FALSE,22.691767,88.468842,16.24,8.49,27:38.6,57:36.2
ATSAD-B0A732166910,0.97,FALSE,FALSE,FALSE,22.69173,88.469109,15.35,6.1,27:43.7,57:41.3
ATSAD-B0A732166910,0.97,FALSE,FALSE,FALSE,22.69173,88.469109,15.35,6.1,27:43.7,57:46.3
ATSAD-B0A732166910,1.1,FALSE,FALSE,FALSE,22.691584,88.469795,24,5.74,27:53.7,57:51.4
ATSAD-B0A732166910,1.1,FALSE,FALSE,FALSE,22.691584,88.469795,24,5.74,27:53.7,57:56.4
ATSAD-B0A732166910,1.01,FALSE,FALSE,FALSE,22.691505,88.470131,22.48,6.29,27:59.0,58:01.5
ATSAD-B0A732166910,0.97,FALSE,FALSE,FALSE,22.691269,88.471008,30.76,6.25,28:08.6,58:06.6
ATSAD-B0A732166910,0.91,FALSE,FALSE,FALSE,22.69116,88.471397,21.26,5.7,28:13.6,58:11.7
ATSAD-B0A732166910,0.98,FALSE,FALSE,FALSE,22.691137,88.471573,7.32,3.74,28:19.2,58:16.8
ATSAD-B0A732166910,1.11,FALSE,FALSE,FALSE,22.691286,88.471725,19.52,4.36,28:23.4,58:21.8
ATSAD-B0A732166910,1.04,FALSE,FALSE,FALSE,22.691547,88.471909,23.34,10.42,28:28.7,58:26.9
ATSAD-B0A732166910,1.11,FALSE,FALSE,FALSE,22.69174,88.472015,12.74,16.67,28:33.7,58:32.0
ATSAD-B0A732166910,0.92,FALSE,FALSE,FALSE,22.691805,88.471954,3.96,7.16,28:38.3,58:37.0
ATSAD-B0A732166910,0.98,FALSE,FALSE,FALSE,22.691866,88.471901,4.07,8.35,28:43.9,58:42.1
ATSAD-B0A732166910,1.03,FALSE,FALSE,FALSE,22.692038,88.471954,14.09,1.97,28:48.8,58:47.3
ATSAD-B0A732166910,1.03,FALSE,FALSE,FALSE,22.692038,88.471954,14.09,1.97,28:48.8,58:52.3
ATSAD-B0A732166910,0.99,FALSE,FALSE,FALSE,22.692524,88.472046,17.87,5.52,28:59.7,58:57.4
ATSAD-B0A732166910,1.1,FALSE,FALSE,FALSE,22.692717,88.472099,9.15,11.72,29:04.7,59:02.4
ATSAD-B0A732166910,0.87,FALSE,FALSE,FALSE,22.692839,88.472076,5.76,28.02,29:09.9,59:07.5
ATSAD-B0A732166910,0.87,FALSE,FALSE,FALSE,22.692839,88.472076,5.76,28.02,29:09.9,59:12.5
ATSAD-B0A732166910,1.06,FALSE,FALSE,FALSE,22.692968,88.47216,4.7,12.34,29:19.3,59:17.6
ATSAD-B0A732166910,1.01,FALSE,FALSE,FALSE,22.693075,88.472198,7.24,16.64,29:24.2,59:22.7
ATSAD-B0A732166910,0.97,FALSE,FALSE,FALSE,22.6931,88.472198,0.11,8.24,29:30.1,59:27.7
ATSAD-B0A732166910,1.01,FALSE,FALSE,FALSE,22.693117,88.472198,0.63,7.21,29:34.4,59:32.8
ATSAD-B0A732166910,0.93,FALSE,FALSE,FALSE,22.69314,88.472198,0.37,18.19,29:39.1,59:37.8
ATSAD-B0A732166910,0.96,FALSE,FALSE,FALSE,22.693163,88.472206,0.41,6.63,29:44.4,59:42.9
ATSAD-B0A732166910,0.97,FALSE,FALSE,FALSE,22.69318,88.472214,0.04,8.27,29:49.6,59:47.9
ATSAD-B0A732166910,0.96,FALSE,FALSE,FALSE,22.693197,88.472221,0.07,5.65,29:54.5,59:53.0
ATSAD-B0A732166910,0.96,FALSE,FALSE,FALSE,22.693214,88.472221,0.17,10.48,29:59.4,59:58.0
